"","year","State","final_rating","race","special","District"
"1",2002,"AK","Safe R","Senate",FALSE,0
"2",2002,"AL","Safe R","Senate",FALSE,0
"3",2002,"AR","Leans D","Senate",FALSE,0
"4",2002,"CO","Leans R","Senate",FALSE,0
"5",2002,"DE","Safe D","Senate",FALSE,0
"6",2002,"GA","Leans D","Senate",FALSE,0
"7",2002,"IA","Leans D","Senate",FALSE,0
"8",2002,"ID","Safe R","Senate",FALSE,0
"9",2002,"IL","Safe D","Senate",FALSE,0
"10",2002,"KS","Safe R","Senate",FALSE,0
"11",2002,"KY","Safe R","Senate",FALSE,0
"12",2002,"LA","Leans D","Senate",FALSE,0
"13",2002,"MA","Safe D","Senate",FALSE,0
"14",2002,"ME","Likely R","Senate",FALSE,0
"15",2002,"MI","Safe D","Senate",FALSE,0
"16",2002,"MN","Leans D","Senate",FALSE,0
"17",2002,"MO","Leans R","Senate",FALSE,0
"18",2002,"MS","Safe R","Senate",FALSE,0
"19",2002,"MT","Leans D","Senate",FALSE,0
"20",2002,"NC","Leans R","Senate",FALSE,0
"21",2002,"NE","Safe R","Senate",FALSE,0
"22",2002,"NH","Leans D","Senate",FALSE,0
"23",2002,"NJ","Leans D","Senate",FALSE,0
"24",2002,"NM","Safe R","Senate",FALSE,0
"25",2002,"OK","Likely R","Senate",FALSE,0
"26",2002,"OR","Likely R","Senate",FALSE,0
"27",2002,"RI","Safe D","Senate",FALSE,0
"28",2002,"SC","Leans R","Senate",FALSE,0
"29",2002,"SD","Leans D","Senate",FALSE,0
"30",2002,"TN","Likely R","Senate",FALSE,0
"31",2002,"TX","Leans R","Senate",FALSE,0
"32",2002,"VA","Safe R","Senate",FALSE,0
"33",2002,"WV","Safe D","Senate",FALSE,0
"34",2002,"WY","Safe R","Senate",FALSE,0
"35",2004,"AL","Safe R","Senate",FALSE,0
"36",2004,"AK","Leans D","Senate",FALSE,0
"37",2004,"AR","Safe D","Senate",FALSE,0
"38",2004,"AZ","Safe R","Senate",FALSE,0
"39",2004,"CA","Likely D","Senate",FALSE,0
"40",2004,"CO","Leans D","Senate",FALSE,0
"41",2004,"CT","Safe D","Senate",FALSE,0
"42",2004,"FL","Leans R","Senate",FALSE,0
"43",2004,"GA","Safe R","Senate",FALSE,0
"44",2004,"HI","Safe D","Senate",FALSE,0
"45",2004,"ID","Safe R","Senate",FALSE,0
"46",2004,"IL","Safe D","Senate",FALSE,0
"47",2004,"IN","Safe D","Senate",FALSE,0
"48",2004,"IA","Safe R","Senate",FALSE,0
"49",2004,"KS","Safe R","Senate",FALSE,0
"50",2004,"KY","Leans R","Senate",FALSE,0
"51",2004,"LA","Leans R","Senate",FALSE,0
"52",2004,"MD","Safe D","Senate",FALSE,0
"53",2004,"MO","Likely R","Senate",FALSE,0
"54",2004,"NV","Likely D","Senate",FALSE,0
"55",2004,"NH","Safe R","Senate",FALSE,0
"56",2004,"NY","Safe D","Senate",FALSE,0
"57",2004,"NC","Leans R","Senate",FALSE,0
"58",2004,"ND","Likely D","Senate",FALSE,0
"59",2004,"OH","Safe R","Senate",FALSE,0
"60",2004,"OK","Leans R","Senate",FALSE,0
"61",2004,"OR","Safe D","Senate",FALSE,0
"62",2004,"PA","Likely R","Senate",FALSE,0
"63",2004,"SC","Leans R","Senate",FALSE,0
"64",2004,"SD","Leans R","Senate",FALSE,0
"65",2004,"UT","Safe R","Senate",FALSE,0
"66",2004,"VT","Safe D","Senate",FALSE,0
"67",2004,"WA","Likely D","Senate",FALSE,0
"68",2004,"WI","Leans D","Senate",FALSE,0
"69",2006,"AZ","Leans R","Senate",FALSE,0
"70",2006,"CA","Safe D","Senate",FALSE,0
"71",2006,"CT","Leans I","Senate",FALSE,0
"72",2006,"DE","Safe D","Senate",FALSE,0
"73",2006,"FL","Safe D","Senate",FALSE,0
"74",2006,"HI","Safe D","Senate",FALSE,0
"75",2006,"IN","Safe R","Senate",FALSE,0
"76",2006,"ME","Safe R","Senate",FALSE,0
"77",2006,"MD","Leans D","Senate",FALSE,0
"78",2006,"MA","Safe D","Senate",FALSE,0
"79",2006,"MI","Likely D","Senate",FALSE,0
"80",2006,"MN","Likely D","Senate",FALSE,0
"81",2006,"MS","Safe R","Senate",FALSE,0
"82",2006,"MO","Toss-up","Senate",FALSE,0
"83",2006,"MT","Leans D","Senate",FALSE,0
"84",2006,"NE","Likely D","Senate",FALSE,0
"85",2006,"NV","Safe R","Senate",FALSE,0
"86",2006,"NJ","Toss-up","Senate",FALSE,0
"87",2006,"NM","Safe D","Senate",FALSE,0
"88",2006,"NY","Safe D","Senate",FALSE,0
"89",2006,"ND","Safe D","Senate",FALSE,0
"90",2006,"OH","Likely D","Senate",FALSE,0
"91",2006,"PA","Safe D","Senate",FALSE,0
"92",2006,"RI","Leans D","Senate",FALSE,0
"93",2006,"TN","Toss-up","Senate",FALSE,0
"94",2006,"TX","Safe R","Senate",FALSE,0
"95",2006,"UT","Safe R","Senate",FALSE,0
"96",2006,"VT","Safe D","Senate",FALSE,0
"97",2006,"VA","Toss-up","Senate",FALSE,0
"98",2006,"WA","Likely D","Senate",FALSE,0
"99",2006,"WV","Safe D","Senate",FALSE,0
"100",2006,"WI","Safe D","Senate",FALSE,0
"101",2006,"WY","Safe R","Senate",FALSE,0
"102",2008,"AK","Toss-up","Senate",FALSE,0
"103",2008,"AL","Safe R","Senate",FALSE,0
"104",2008,"AR","Safe D","Senate",FALSE,0
"105",2008,"CO","Likely D","Senate",FALSE,0
"106",2008,"DE","Safe D","Senate",FALSE,0
"107",2008,"GA","Leans R","Senate",FALSE,0
"108",2008,"IA","Safe D","Senate",FALSE,0
"109",2008,"ID","Safe R","Senate",FALSE,0
"110",2008,"IL","Safe D","Senate",FALSE,0
"111",2008,"KS","Safe R","Senate",FALSE,0
"112",2008,"KY","Leans R","Senate",FALSE,0
"113",2008,"LA","Likely D","Senate",FALSE,0
"114",2008,"MA","Safe D","Senate",FALSE,0
"115",2008,"ME","Leans R","Senate",FALSE,0
"116",2008,"MI","Safe D","Senate",FALSE,0
"117",2008,"MN","Toss-up","Senate",FALSE,0
"118",2008,"MS","Safe R","Senate",FALSE,0
"119",2008,"MS","Toss-up","Senate",TRUE,0
"120",2008,"MT","Safe D","Senate",FALSE,0
"121",2008,"NC","Leans D","Senate",FALSE,0
"122",2008,"NE","Safe R","Senate",FALSE,0
"123",2008,"NH","Leans D","Senate",FALSE,0
"124",2008,"NJ","Safe D","Senate",FALSE,0
"125",2008,"NM","Likely D","Senate",FALSE,0
"126",2008,"OK","Safe R","Senate",FALSE,0
"127",2008,"OR","Leans D","Senate",FALSE,0
"128",2008,"RI","Safe D","Senate",FALSE,0
"129",2008,"SC","Safe R","Senate",FALSE,0
"130",2008,"SD","Safe D","Senate",FALSE,0
"131",2008,"TN","Safe R","Senate",FALSE,0
"132",2008,"TX","Safe R","Senate",FALSE,0
"133",2008,"VA","Safe D","Senate",FALSE,0
"134",2008,"WV","Safe D","Senate",FALSE,0
"135",2008,"WY","Safe R","Senate",FALSE,0
"136",2008,"WY","Safe R","Senate",TRUE,0
"137",2010,"AL","Safe R","Senate",FALSE,0
"138",2010,"AK","Likely R","Senate",FALSE,0
"139",2010,"AZ","Safe R","Senate",FALSE,0
"140",2010,"AR","Safe R","Senate",FALSE,0
"141",2010,"CA","Leans D","Senate",FALSE,0
"142",2010,"CO","Leans R","Senate",FALSE,0
"143",2010,"CT","Leans D","Senate",FALSE,0
"144",2010,"DE","Likely D","Senate",FALSE,0
"145",2010,"FL","Likely R","Senate",FALSE,0
"146",2010,"GA","Safe R","Senate",FALSE,0
"147",2010,"HI","Safe D","Senate",FALSE,0
"148",2010,"ID","Safe R","Senate",FALSE,0
"149",2010,"IL","Leans R","Senate",FALSE,0
"150",2010,"IN","Likely R","Senate",FALSE,0
"151",2010,"IA","Safe R","Senate",FALSE,0
"152",2010,"KS","Safe R","Senate",FALSE,0
"153",2010,"KY","Leans R","Senate",FALSE,0
"154",2010,"LA","Likely R","Senate",FALSE,0
"155",2010,"MD","Safe D","Senate",FALSE,0
"156",2010,"MO","Likely R","Senate",FALSE,0
"157",2010,"NV","Leans R","Senate",FALSE,0
"158",2010,"NH","Likely R","Senate",FALSE,0
"159",2010,"NY","Safe D","Senate",FALSE,0
"160",2010,"NY","Safe D","Senate",TRUE,0
"161",2010,"NC","Likely R","Senate",FALSE,0
"162",2010,"ND","Safe R","Senate",FALSE,0
"163",2010,"OH","Likely R","Senate",FALSE,0
"164",2010,"OK","Safe R","Senate",FALSE,0
"165",2010,"OR","Safe D","Senate",FALSE,0
"166",2010,"PA","Leans R","Senate",FALSE,0
"167",2010,"SC","Safe R","Senate",FALSE,0
"168",2010,"SD","Safe R","Senate",FALSE,0
"169",2010,"UT","Safe R","Senate",FALSE,0
"170",2010,"VT","Safe D","Senate",FALSE,0
"171",2010,"WA","Leans D","Senate",FALSE,0
"172",2010,"WV","Leans D","Senate",FALSE,0
"173",2010,"WI","Leans R","Senate",FALSE,0
"174",2012,"AZ","Leans R","Senate",FALSE,0
"175",2012,"CA","Safe D","Senate",FALSE,0
"176",2012,"CT","Leans D","Senate",FALSE,0
"177",2012,"DE","Safe D","Senate",FALSE,0
"178",2012,"FL","Leans D","Senate",FALSE,0
"179",2012,"HI","Likely D","Senate",FALSE,0
"180",2012,"IN","Leans D","Senate",FALSE,0
"181",2012,"MA","Leans D","Senate",FALSE,0
"182",2012,"MD","Safe D","Senate",FALSE,0
"183",2012,"ME","Likely I","Senate",FALSE,0
"184",2012,"MI","Likely D","Senate",FALSE,0
"185",2012,"MN","Safe D","Senate",FALSE,0
"186",2012,"MO","Leans D","Senate",FALSE,0
"187",2012,"MS","Safe R","Senate",FALSE,0
"188",2012,"MT","Leans R","Senate",FALSE,0
"189",2012,"ND","Leans R","Senate",FALSE,0
"190",2012,"NE","Likely R","Senate",FALSE,0
"191",2012,"NJ","Likely D","Senate",FALSE,0
"192",2012,"NM","Likely D","Senate",FALSE,0
"193",2012,"NV","Leans R","Senate",FALSE,0
"194",2012,"NY","Safe D","Senate",FALSE,0
"195",2012,"OH","Leans D","Senate",FALSE,0
"196",2012,"PA","Leans D","Senate",FALSE,0
"197",2012,"RI","Safe D","Senate",FALSE,0
"198",2012,"TN","Safe R","Senate",FALSE,0
"199",2012,"TX","Likely R","Senate",FALSE,0
"200",2012,"UT","Safe R","Senate",FALSE,0
"201",2012,"VA","Leans D","Senate",FALSE,0
"202",2012,"VT","Safe D","Senate",FALSE,0
"203",2012,"WA","Safe D","Senate",FALSE,0
"204",2012,"WI","Leans D","Senate",FALSE,0
"205",2012,"WV","Safe D","Senate",FALSE,0
"206",2012,"WY","Safe R","Senate",FALSE,0
"207",2014,"AL","Safe R","Senate",FALSE,0
"208",2014,"AK","Leans R","Senate",FALSE,0
"209",2014,"AR","Likely R","Senate",FALSE,0
"210",2014,"CO","Leans R","Senate",FALSE,0
"211",2014,"DE","Safe D","Senate",FALSE,0
"212",2014,"GA","Leans R","Senate",FALSE,0
"213",2014,"HI","Safe D","Senate",FALSE,0
"214",2014,"ID","Safe R","Senate",FALSE,0
"215",2014,"IL","Safe D","Senate",FALSE,0
"216",2014,"IA","Leans R","Senate",FALSE,0
"217",2014,"KS","Leans R","Senate",FALSE,0
"218",2014,"KY","Likely R","Senate",FALSE,0
"219",2014,"LA","Leans R","Senate",FALSE,0
"220",2014,"ME","Safe R","Senate",FALSE,0
"221",2014,"MA","Safe D","Senate",FALSE,0
"222",2014,"MI","Likely D","Senate",FALSE,0
"223",2014,"MN","Likely D","Senate",FALSE,0
"224",2014,"MS","Safe R","Senate",FALSE,0
"225",2014,"MT","Safe R","Senate",FALSE,0
"226",2014,"NE","Safe R","Senate",FALSE,0
"227",2014,"NH","Leans D","Senate",FALSE,0
"228",2014,"NJ","Safe D","Senate",FALSE,0
"229",2014,"NM","Safe D","Senate",FALSE,0
"230",2014,"NC","Leans D","Senate",FALSE,0
"231",2014,"OK","Safe R","Senate",FALSE,0
"232",2014,"OK","Safe R","Senate",FALSE,0
"233",2014,"OR","Likely D","Senate",FALSE,0
"234",2014,"RI","Safe D","Senate",FALSE,0
"235",2014,"SC","Safe R","Senate",FALSE,0
"236",2014,"SC","Safe R","Senate",FALSE,0
"237",2014,"SD","Likely R","Senate",FALSE,0
"238",2014,"TN","Safe R","Senate",FALSE,0
"239",2014,"TX","Safe R","Senate",FALSE,0
"240",2014,"VA","Likely D","Senate",FALSE,0
"241",2014,"WV","Safe R","Senate",FALSE,0
"242",2014,"WY","Safe R","Senate",FALSE,0
"243",2016,"AL","Safe R","Senate",FALSE,0
"244",2016,"AK","Safe R","Senate",FALSE,0
"245",2016,"AZ","Likely R","Senate",FALSE,0
"246",2016,"AR","Safe R","Senate",FALSE,0
"247",2016,"CA","Safe D","Senate",FALSE,0
"248",2016,"CO","Safe D","Senate",FALSE,0
"249",2016,"CT","Safe D","Senate",FALSE,0
"250",2016,"FL","Leans R","Senate",FALSE,0
"251",2016,"GA","Safe R","Senate",FALSE,0
"252",2016,"HI","Safe D","Senate",FALSE,0
"253",2016,"ID","Safe R","Senate",FALSE,0
"254",2016,"IL","Likely D","Senate",FALSE,0
"255",2016,"IN","Leans R","Senate",FALSE,0
"256",2016,"IA","Safe R","Senate",FALSE,0
"257",2016,"KS","Safe R","Senate",FALSE,0
"258",2016,"KY","Safe R","Senate",FALSE,0
"259",2016,"LA","Likely R","Senate",FALSE,0
"260",2016,"MD","Safe D","Senate",FALSE,0
"261",2016,"MO","Leans R","Senate",FALSE,0
"262",2016,"NV","Leans D","Senate",FALSE,0
"263",2016,"NH","Leans D","Senate",FALSE,0
"264",2016,"NY","Safe D","Senate",FALSE,0
"265",2016,"NC","Leans R","Senate",FALSE,0
"266",2016,"ND","Safe R","Senate",FALSE,0
"267",2016,"OH","Safe R","Senate",FALSE,0
"268",2016,"OK","Safe R","Senate",FALSE,0
"269",2016,"OR","Safe D","Senate",FALSE,0
"270",2016,"PA","Leans D","Senate",FALSE,0
"271",2016,"SC","Safe R","Senate",FALSE,0
"272",2016,"SD","Safe R","Senate",FALSE,0
"273",2016,"UT","Safe R","Senate",FALSE,0
"274",2016,"VT","Safe D","Senate",FALSE,0
"275",2016,"WA","Safe D","Senate",FALSE,0
"276",2016,"WI","Leans D","Senate",FALSE,0
"277",2018,"AZ","Leans D","Senate",FALSE,0
"278",2018,"CA","Safe D","Senate",FALSE,0
"279",2018,"CT","Safe D","Senate",FALSE,0
"280",2018,"DE","Safe D","Senate",FALSE,0
"281",2018,"FL","Leans D","Senate",FALSE,0
"282",2018,"HI","Safe D","Senate",FALSE,0
"283",2018,"IN","Leans R","Senate",FALSE,0
"284",2018,"MA","Safe D","Senate",FALSE,0
"285",2018,"MD","Safe D","Senate",FALSE,0
"286",2018,"ME","Safe I","Senate",FALSE,0
"287",2018,"MI","Safe D","Senate",TRUE,0
"288",2018,"MN","Safe D","Senate",FALSE,0
"289",2018,"MN","Likely D","Senate",TRUE,0
"290",2018,"MO","Leans R","Senate",FALSE,0
"291",2018,"MS","Likely R","Senate",FALSE,0
"292",2018,"MS","Safe R","Senate",FALSE,0
"293",2018,"MT","Leans D","Senate",FALSE,0
"294",2018,"ND","Leans R","Senate",FALSE,0
"295",2018,"NE","Safe R","Senate",FALSE,0
"296",2018,"NJ","Likely D","Senate",FALSE,0
"297",2018,"NM","Safe D","Senate",FALSE,0
"298",2018,"NV","Leans D","Senate",FALSE,0
"299",2018,"NY","Safe D","Senate",FALSE,0
"300",2018,"OH","Likely D","Senate",FALSE,0
"301",2018,"PA","Safe D","Senate",FALSE,0
"302",2018,"TN","Leans R","Senate",FALSE,0
"303",2018,"TX","Leans R","Senate",FALSE,0
"304",2018,"UT","Safe R","Senate",FALSE,0
"305",2018,"VA","Safe D","Senate",FALSE,0
"306",2018,"VT","Safe I","Senate",FALSE,0
"307",2018,"WA","Safe D","Senate",FALSE,0
"308",2018,"WI","Likely D","Senate",FALSE,0
"309",2018,"WY","Safe R","Senate",FALSE,0
"310",2020,"AK","Leans R","Senate",FALSE,0
"311",2020,"AL","Likely R","Senate",FALSE,0
"312",2020,"AR","Safe R","Senate",FALSE,0
"313",2020,"AZ","Leans D","Senate",TRUE,0
"314",2020,"CO","Likely D","Senate",FALSE,0
"315",2020,"DE","Safe D","Senate",FALSE,0
"316",2020,"GA","Toss-up","Senate",FALSE,0
"317",2020,"GA","Toss-up","Senate",TRUE,0
"318",2020,"IA","Leans R","Senate",FALSE,0
"319",2020,"ID","Safe R","Senate",FALSE,0
"320",2020,"IL","Safe D","Senate",FALSE,0
"321",2020,"KS","Leans R","Senate",FALSE,0
"322",2020,"KY","Likely R","Senate",FALSE,0
"323",2020,"LA","Safe R","Senate",FALSE,0
"324",2020,"MA","Safe D","Senate",FALSE,0
"325",2020,"ME","Leans D","Senate",FALSE,0
"326",2020,"MI","Leans D","Senate",FALSE,0
"327",2020,"MN","Likely D","Senate",FALSE,0
"328",2020,"MS","Likely R","Senate",FALSE,0
"329",2020,"MT","Leans R","Senate",FALSE,0
"330",2020,"NC","Leans D","Senate",FALSE,0
"331",2020,"NE","Safe R","Senate",FALSE,0
"332",2020,"NH","Likely D","Senate",FALSE,0
"333",2020,"NJ","Safe D","Senate",FALSE,0
"334",2020,"NM","Likely D","Senate",FALSE,0
"335",2020,"OK","Safe R","Senate",FALSE,0
"336",2020,"OR","Safe D","Senate",FALSE,0
"337",2020,"RI","Safe D","Senate",FALSE,0
"338",2020,"SC","Leans R","Senate",FALSE,0
"339",2020,"SD","Safe R","Senate",FALSE,0
"340",2020,"TN","Safe R","Senate",FALSE,0
"341",2020,"TX","Leans R","Senate",FALSE,0
"342",2020,"VA","Safe D","Senate",FALSE,0
"343",2020,"WV","Safe R","Senate",FALSE,0
"344",2020,"WY","Safe R","Senate",FALSE,0
"345",2022,"AK","Safe R","Senate",FALSE,0
"346",2022,"AL","Safe R","Senate",FALSE,0
"347",2022,"AR","Safe R","Senate",FALSE,0
"348",2022,"AZ","Leans D","Senate",FALSE,0
"349",2022,"CA","Safe D","Senate",TRUE,0
"350",2022,"CO","Likely D","Senate",FALSE,0
"351",2022,"CT","Safe D","Senate",FALSE,0
"352",2022,"FL","Likely R","Senate",FALSE,0
"353",2022,"GA","Leans R","Senate",FALSE,0
"354",2022,"HI","Safe D","Senate",FALSE,0
"355",2022,"IA","Likely R","Senate",FALSE,0
"356",2022,"ID","Safe R","Senate",FALSE,0
"357",2022,"IL","Safe D","Senate",FALSE,0
"358",2022,"IN","Safe R","Senate",FALSE,0
"359",2022,"KS","Safe R","Senate",FALSE,0
"360",2022,"KY","Safe R","Senate",FALSE,0
"361",2022,"LA","Safe R","Senate",FALSE,0
"362",2022,"MD","Safe D","Senate",FALSE,0
"363",2022,"MO","Safe R","Senate",FALSE,0
"364",2022,"NC","Leans R","Senate",FALSE,0
"365",2022,"ND","Safe R","Senate",FALSE,0
"366",2022,"NH","Leans D","Senate",FALSE,0
"367",2022,"NV","Leans D","Senate",FALSE,0
"368",2022,"NY","Safe D","Senate",FALSE,0
"369",2022,"OH","Leans R","Senate",FALSE,0
"370",2022,"OK","Safe R","Senate",TRUE,0
"371",2022,"OR","Safe D","Senate",FALSE,0
"372",2022,"PA","Leans R","Senate",FALSE,0
"373",2022,"SC","Safe R","Senate",FALSE,0
"374",2022,"SD","Safe R","Senate",FALSE,0
"375",2022,"UT","Likely R","Senate",FALSE,0
"376",2022,"VT","Safe D","Senate",FALSE,0
"377",2022,"WA","Likely D","Senate",FALSE,0
"378",2022,"WI","Leans R","Senate",FALSE,0
"379",2002,"AL","Leans R","Governor",FALSE,0
"380",2002,"AK","Leans R","Governor",FALSE,0
"381",2002,"AZ","Leans D","Governor",FALSE,0
"382",2002,"AR","Leans R","Governor",FALSE,0
"383",2002,"CA","Leans D","Governor",FALSE,0
"384",2002,"CO","Safe R","Governor",FALSE,0
"385",2002,"CT","Likely R","Governor",FALSE,0
"386",2002,"FL","Leans R","Governor",FALSE,0
"387",2002,"GA","Likely D","Governor",FALSE,0
"388",2002,"HI","Leans R","Governor",FALSE,0
"389",2002,"ID","Likely R","Governor",FALSE,0
"390",2002,"IL","Likely D","Governor",FALSE,0
"391",2002,"IA","Leans D","Governor",FALSE,0
"392",2002,"KS","Leans D","Governor",FALSE,0
"393",2002,"ME","Likely D","Governor",FALSE,0
"394",2002,"MD","Leans R","Governor",FALSE,0
"395",2002,"MA","Leans D","Governor",FALSE,0
"396",2002,"MI","Likely D","Governor",FALSE,0
"397",2002,"MN","Leans R","Governor",FALSE,0
"398",2002,"NE","Likely R","Governor",FALSE,0
"399",2002,"NV","Safe R","Governor",FALSE,0
"400",2002,"NH","Likely R","Governor",FALSE,0
"401",2002,"NM","Likely D","Governor",FALSE,0
"402",2002,"NY","Likely R","Governor",FALSE,0
"403",2002,"OH","Safe R","Governor",FALSE,0
"404",2002,"OK","Leans R","Governor",FALSE,0
"405",2002,"OR","Leans D","Governor",FALSE,0
"406",2002,"PA","Likely D","Governor",FALSE,0
"407",2002,"RI","Leans D","Governor",FALSE,0
"408",2002,"SC","Leans R","Governor",FALSE,0
"409",2002,"SD","Likely R","Governor",FALSE,0
"410",2002,"TN","Leans D","Governor",FALSE,0
"411",2002,"TX","Likely R","Governor",FALSE,0
"412",2002,"VT","Toss-up*","Governor",FALSE,0
"413",2002,"WI","Leans D","Governor",FALSE,0
"414",2002,"WY","Leans R","Governor",FALSE,0
"415",2004,"DE","Likely D","Governor",FALSE,0
"416",2004,"IN","Leans R","Governor",FALSE,0
"417",2004,"MO","Leans R","Governor",FALSE,0
"418",2004,"MT","Leans D","Governor",FALSE,0
"419",2004,"NH","Leans R","Governor",FALSE,0
"420",2004,"NC","Safe D","Governor",FALSE,0
"421",2004,"ND","Safe R","Governor",FALSE,0
"422",2004,"UT","Leans R","Governor",FALSE,0
"423",2004,"VT","Leans R","Governor",FALSE,0
"424",2004,"WA","Leans R","Governor",FALSE,0
"425",2004,"WV","Safe D","Governor",FALSE,0
"426",2006,"AK","Leans R","Governor",FALSE,0
"427",2006,"AL","Likely R","Governor",FALSE,0
"428",2006,"AR","Leans D","Governor",FALSE,0
"429",2006,"AZ","Safe D","Governor",FALSE,0
"430",2006,"CA","Leans R","Governor",FALSE,0
"431",2006,"CO","Toss-up","Governor",FALSE,0
"432",2006,"CT","Safe R","Governor",FALSE,0
"433",2006,"FL","Leans R","Governor",FALSE,0
"434",2006,"GA","Likely R","Governor",FALSE,0
"435",2006,"HI","Likely R","Governor",FALSE,0
"436",2006,"IA","Toss-up","Governor",FALSE,0
"437",2006,"ID","Safe R","Governor",FALSE,0
"438",2006,"IL","Leans D","Governor",FALSE,0
"439",2006,"KS","Likely D","Governor",FALSE,0
"440",2006,"MA","Leans D","Governor",FALSE,0
"441",2006,"MD","Toss-up","Governor",FALSE,0
"442",2006,"ME","Leans D","Governor",FALSE,0
"443",2006,"MI","Toss-up","Governor",FALSE,0
"444",2006,"MN","Leans R","Governor",FALSE,0
"445",2006,"NE","Safe R","Governor",FALSE,0
"446",2006,"NH","Safe D","Governor",FALSE,0
"447",2006,"NM","Safe D","Governor",FALSE,0
"448",2006,"NV","Leans R","Governor",FALSE,0
"449",2006,"NY","Safe D","Governor",FALSE,0
"450",2006,"OH","Likely D","Governor",FALSE,0
"451",2006,"OK","Likely D","Governor",FALSE,0
"452",2006,"OR","Leans D","Governor",FALSE,0
"453",2006,"PA","Leans D","Governor",FALSE,0
"454",2006,"RI","Leans R","Governor",FALSE,0
"455",2006,"SC","Likely R","Governor",FALSE,0
"456",2006,"SD","Safe R","Governor",FALSE,0
"457",2006,"TN","Safe D","Governor",FALSE,0
"458",2006,"TX","Safe R","Governor",FALSE,0
"459",2006,"VT","Likely R","Governor",FALSE,0
"460",2006,"WI","Leans D","Governor",FALSE,0
"461",2006,"WY","Safe D","Governor",FALSE,0
"462",2008,"DE","Likely D","Governor",FALSE,0
"463",2008,"IN","Likely R","Governor",FALSE,0
"464",2008,"MO","Likely D","Governor",FALSE,0
"465",2008,"MT","Safe D","Governor",FALSE,0
"466",2008,"NC","Toss-up","Governor",FALSE,0
"467",2008,"ND","Safe R","Governor",FALSE,0
"468",2008,"NH","Safe D","Governor",FALSE,0
"469",2008,"UT","Safe R","Governor",FALSE,0
"470",2008,"VT","Safe R","Governor",FALSE,0
"471",2008,"WA","Toss-up","Governor",FALSE,0
"472",2008,"WV","Safe D","Governor",FALSE,0
"473",2010,"AL","Leans R","Governor",FALSE,0
"474",2010,"AK","Likely R","Governor",FALSE,0
"475",2010,"AZ","Leans R","Governor",FALSE,0
"476",2010,"AR","Safe D","Governor",FALSE,0
"477",2010,"CA","Toss-up","Governor",FALSE,0
"478",2010,"CO","Toss-up","Governor",FALSE,0
"479",2010,"CT","Toss-up","Governor",FALSE,0
"480",2010,"FL","Toss-up","Governor",FALSE,0
"481",2010,"GA","Leans R","Governor",FALSE,0
"482",2010,"HI","Likely D","Governor",FALSE,0
"483",2010,"ID","Likely R","Governor",FALSE,0
"484",2010,"IL","Toss-up","Governor",FALSE,0
"485",2010,"IA","Leans R","Governor",FALSE,0
"486",2010,"KS","Safe R","Governor",FALSE,0
"487",2010,"ME","Toss-up","Governor",FALSE,0
"488",2010,"MD","Toss-up","Governor",FALSE,0
"489",2010,"MA","Leans D","Governor",FALSE,0
"490",2010,"MI","Leans R","Governor",FALSE,0
"491",2010,"MN","Toss-up","Governor",FALSE,0
"492",2010,"NE","Safe R","Governor",FALSE,0
"493",2010,"NV","Likely R","Governor",FALSE,0
"494",2010,"NH","Leans D","Governor",FALSE,0
"495",2010,"NM","Toss-up","Governor",FALSE,0
"496",2010,"NY","Safe D","Governor",FALSE,0
"497",2010,"OH","Toss-up","Governor",FALSE,0
"498",2010,"OK","Leans R","Governor",FALSE,0
"499",2010,"OR","Toss-up","Governor",FALSE,0
"500",2010,"PA","Leans R","Governor",FALSE,0
"501",2010,"SC","Likely R","Governor",FALSE,0
"502",2010,"SD","Leans R","Governor",FALSE,0
"503",2010,"TN","Likely R","Governor",FALSE,0
"504",2010,"TX","Leans R","Governor",FALSE,0
"505",2010,"UT","Safe R","Governor",FALSE,0
"506",2010,"VT","Toss-up","Governor",FALSE,0
"507",2010,"WI","Leans R","Governor",FALSE,0
"508",2010,"WY","Safe R","Governor",FALSE,0
"509",2012,"DE","Safe D","Governor",FALSE,0
"510",2012,"IN","Likely R","Governor",FALSE,0
"511",2012,"MO","Likely D","Governor",FALSE,0
"512",2012,"MT","Leans R","Governor",FALSE,0
"513",2012,"NC","Likely R","Governor",FALSE,0
"514",2012,"ND","Safe R","Governor",FALSE,0
"515",2012,"NH","Leans D","Governor",FALSE,0
"516",2012,"UT","Safe R","Governor",FALSE,0
"517",2012,"VT","Safe D","Governor",FALSE,0
"518",2012,"WA","Leans D","Governor",FALSE,0
"519",2012,"WI","Likely R","Governor",TRUE,0
"520",2012,"WV","Leans D","Governor",FALSE,0
"521",2014,"AL","Safe R","Governor",FALSE,0
"522",2014,"AK","Leans I","Governor",FALSE,0
"523",2014,"AZ","Likely R","Governor",FALSE,0
"524",2014,"AR","Likely R","Governor",FALSE,0
"525",2014,"CA","Safe D","Governor",FALSE,0
"526",2014,"CO","Leans D","Governor",FALSE,0
"527",2014,"CT","Leans D","Governor",FALSE,0
"528",2014,"FL","Leans D","Governor",FALSE,0
"529",2014,"GA","Leans R","Governor",FALSE,0
"530",2014,"HI","Likely D","Governor",FALSE,0
"531",2014,"ID","Likely R","Governor",FALSE,0
"532",2014,"IL","Leans D","Governor",FALSE,0
"533",2014,"IA","Safe R","Governor",FALSE,0
"534",2014,"KS","Leans D","Governor",FALSE,0
"535",2014,"ME","Leans D","Governor",FALSE,0
"536",2014,"MD","Leans D","Governor",FALSE,0
"537",2014,"MA","Leans R","Governor",FALSE,0
"538",2014,"MI","Leans R","Governor",FALSE,0
"539",2014,"MN","Likely D","Governor",FALSE,0
"540",2014,"NE","Safe R","Governor",FALSE,0
"541",2014,"NV","Safe R","Governor",FALSE,0
"542",2014,"NH","Leans D","Governor",FALSE,0
"543",2014,"NM","Safe R","Governor",FALSE,0
"544",2014,"NY","Safe D","Governor",FALSE,0
"545",2014,"OH","Safe R","Governor",FALSE,0
"546",2014,"OK","Safe R","Governor",FALSE,0
"547",2014,"OR","Likely D","Governor",FALSE,0
"548",2014,"PA","Safe D","Governor",FALSE,0
"549",2014,"RI","Leans D","Governor",FALSE,0
"550",2014,"SC","Likely R","Governor",FALSE,0
"551",2014,"SD","Safe R","Governor",FALSE,0
"552",2014,"TN","Safe R","Governor",FALSE,0
"553",2014,"TX","Safe R","Governor",FALSE,0
"554",2014,"VT","Safe D","Governor",FALSE,0
"555",2014,"WI","Leans R","Governor",FALSE,0
"556",2014,"WY","Safe R","Governor",FALSE,0
"557",2016,"DE","Safe D","Governor",FALSE,0
"558",2016,"IN","Leans D","Governor",FALSE,0
"559",2016,"MO","Leans R","Governor",FALSE,0
"560",2016,"MT","Leans D","Governor",FALSE,0
"561",2016,"NH","Leans D","Governor",FALSE,0
"562",2016,"NC","Leans D","Governor",FALSE,0
"563",2016,"ND","Safe R","Governor",FALSE,0
"564",2016,"OR","Safe D","Governor",FALSE,0
"565",2016,"UT","Safe R","Governor",FALSE,0
"566",2016,"VT","Leans R","Governor",FALSE,0
"567",2016,"WA","Safe D","Governor",FALSE,0
"568",2016,"WV","Leans D","Governor",FALSE,0
"569",2018,"AK","Leans R","Governor",FALSE,0
"570",2018,"AL","Safe R","Governor",FALSE,0
"571",2018,"AR","Safe R","Governor",FALSE,0
"572",2018,"AZ","Likely R","Governor",FALSE,0
"573",2018,"CA","Safe D","Governor",FALSE,0
"574",2018,"CO","Leans D","Governor",FALSE,0
"575",2018,"CT","Leans D","Governor",FALSE,0
"576",2018,"FL","Leans D","Governor",FALSE,0
"577",2018,"GA","Toss-up","Governor",FALSE,0
"578",2018,"HI","Safe D","Governor",FALSE,0
"579",2018,"IA","Leans D","Governor",FALSE,0
"580",2018,"ID","Safe R","Governor",FALSE,0
"581",2018,"IL","Likely D","Governor",FALSE,0
"582",2018,"KS","Leans D","Governor",FALSE,0
"583",2018,"MA","Safe R","Governor",FALSE,0
"584",2018,"ME","Leans D","Governor",FALSE,0
"585",2018,"MI","Likely D","Governor",FALSE,0
"586",2018,"MN","Leans D","Governor",FALSE,0
"587",2018,"NE","Safe R","Governor",FALSE,0
"588",2018,"NH","Leans R","Governor",FALSE,0
"589",2018,"NM","Leans D","Governor",FALSE,0
"590",2018,"NV","Leans D","Governor",FALSE,0
"591",2018,"NY","Safe D","Governor",FALSE,0
"592",2018,"OH","Leans D","Governor",FALSE,0
"593",2018,"OK","Leans R","Governor",FALSE,0
"594",2018,"OR","Leans D","Governor",FALSE,0
"595",2018,"PA","Safe D","Governor",FALSE,0
"596",2018,"RI","Likely D","Governor",FALSE,0
"597",2018,"SC","Safe R","Governor",FALSE,0
"598",2018,"SD","Leans R","Governor",FALSE,0
"599",2018,"TN","Safe R","Governor",FALSE,0
"600",2018,"TX","Safe R","Governor",FALSE,0
"601",2018,"VT","Safe R","Governor",FALSE,0
"602",2018,"WI","Leans D","Governor",FALSE,0
"603",2018,"WY","Safe R","Governor",FALSE,0
"604",2020,"DE","Safe D","Governor",FALSE,0
"605",2020,"IN","Safe R","Governor",FALSE,0
"606",2020,"MO","Leans R","Governor",FALSE,0
"607",2020,"MT","Leans R","Governor",FALSE,0
"608",2020,"NC","Likely D","Governor",FALSE,0
"609",2020,"ND","Safe R","Governor",FALSE,0
"610",2020,"NH","Likely R","Governor",FALSE,0
"611",2020,"UT","Safe R","Governor",FALSE,0
"612",2020,"VT","Safe R","Governor",FALSE,0
"613",2020,"WA","Safe D","Governor",FALSE,0
"614",2020,"WV","Likely R","Governor",FALSE,0
"615",2022,"AK","Likely R","Governor",FALSE,0
"616",2022,"AL","Safe R","Governor",FALSE,0
"617",2022,"AR","Safe R","Governor",FALSE,0
"618",2022,"AZ","Leans R","Governor",FALSE,0
"619",2022,"CA","Safe D","Governor",FALSE,0
"620",2022,"CO","Safe D","Governor",FALSE,0
"621",2022,"CT","Likely D","Governor",FALSE,0
"622",2022,"FL","Safe R","Governor",FALSE,0
"623",2022,"GA","Likely R","Governor",FALSE,0
"624",2022,"HI","Safe D","Governor",FALSE,0
"625",2022,"IA","Safe R","Governor",FALSE,0
"626",2022,"ID","Safe R","Governor",FALSE,0
"627",2022,"IL","Safe D","Governor",FALSE,0
"628",2022,"KS","Leans R","Governor",FALSE,0
"629",2022,"MA","Safe D","Governor",FALSE,0
"630",2022,"MD","Safe D","Governor",FALSE,0
"631",2022,"ME","Leans D","Governor",FALSE,0
"632",2022,"MI","Leans D","Governor",FALSE,0
"633",2022,"MN","Likely D","Governor",FALSE,0
"634",2022,"NE","Safe R","Governor",FALSE,0
"635",2022,"NH","Safe R","Governor",FALSE,0
"636",2022,"NM","Leans D","Governor",FALSE,0
"637",2022,"NV","Leans R","Governor",FALSE,0
"638",2022,"NY","Likely D","Governor",FALSE,0
"639",2022,"OH","Safe R","Governor",FALSE,0
"640",2022,"OK","Likely R","Governor",FALSE,0
"641",2022,"OR","Leans D","Governor",FALSE,0
"642",2022,"PA","Likely D","Governor",FALSE,0
"643",2022,"RI","Likely D","Governor",FALSE,0
"644",2022,"SC","Safe R","Governor",FALSE,0
"645",2022,"SD","Safe R","Governor",FALSE,0
"646",2022,"TN","Safe R","Governor",FALSE,0
"647",2022,"TX","Likely R","Governor",FALSE,0
"648",2022,"VT","Safe R","Governor",FALSE,0
"649",2022,"WI","Leans R","Governor",FALSE,0
"650",2022,"WY","Safe R","Governor",FALSE,0
"651",2004,"AL","Likely R","House",FALSE,3
"652",2004,"AZ","Leans R","House",FALSE,1
"653",2004,"AR","Safe D","House",FALSE,4
"654",2004,"CA","Safe R","House",FALSE,3
"655",2004,"CA","Safe D","House",FALSE,18
"656",2004,"CA","Likely D","House",FALSE,20
"657",2004,"CO","Leans D","House",FALSE,3
"658",2004,"CO","Safe R","House",FALSE,4
"659",2004,"CO","Leans R","House",FALSE,7
"660",2004,"CT","Likely R","House",FALSE,2
"661",2004,"CT","Safe R","House",FALSE,5
"662",2004,"FL","Likely D","House",FALSE,2
"663",2004,"FL","Likely R","House",FALSE,5
"664",2004,"FL","Safe R","House",FALSE,10
"665",2004,"FL","Safe R","House",FALSE,13
"666",2004,"FL","Likely R","House",FALSE,22
"667",2004,"GA","Safe D","House",FALSE,2
"668",2004,"GA","Leans D","House",FALSE,3
"669",2004,"GA","Leans R","House",FALSE,11
"670",2004,"GA","Leans D","House",FALSE,12
"671",2004,"IL","Leans D","House",FALSE,8
"672",2004,"IL","Safe R","House",FALSE,10
"673",2004,"IN","Likely R","House",FALSE,2
"674",2004,"IN","Safe D","House",FALSE,7
"675",2004,"IN","Leans R","House",FALSE,8
"676",2004,"IN","Leans D","House",FALSE,9
"677",2004,"IA","Likely R","House",FALSE,1
"678",2004,"IA","Likely R","House",FALSE,2
"679",2004,"IA","Likely D","House",FALSE,3
"680",2004,"IA","Safe R","House",FALSE,4
"681",2004,"KS","Leans D","House",FALSE,3
"682",2004,"KY","Leans R","House",FALSE,3
"683",2004,"KY","Leans R","House",FALSE,4
"684",2004,"KY","Leans D","House",FALSE,6
"685",2004,"LA","Leans R","House",FALSE,3
"686",2004,"LA","Safe R","House",FALSE,4
"687",2004,"LA","Toss-up","House",FALSE,5
"688",2004,"LA","Leans R","House",FALSE,7
"689",2004,"ME","Likely D","House",FALSE,2
"690",2004,"MD","Safe D","House",FALSE,2
"691",2004,"MI","Safe D","House",FALSE,1
"692",2004,"MI","Likely R","House",FALSE,7
"693",2004,"MI","Likely R","House",FALSE,11
"694",2004,"MN","Safe R","House",FALSE,2
"695",2004,"MS","Safe D","House",FALSE,2
"696",2004,"MO","Likely D","House",FALSE,3
"697",2004,"MO","Safe D","House",FALSE,5
"698",2004,"MO","Likely R","House",FALSE,6
"699",2004,"NE","Leans R","House",FALSE,1
"700",2004,"NE","Safe R","House",FALSE,2
"701",2004,"NV","Likely D","House",FALSE,1
"702",2004,"NV","Likely R","House",FALSE,3
"703",2004,"NH","Likely R","House",FALSE,1
"704",2004,"NH","Safe R","House",FALSE,2
"705",2004,"NJ","Likely R","House",FALSE,7
"706",2004,"NJ","Safe D","House",FALSE,12
"707",2004,"NM","Likely R","House",FALSE,1
"708",2004,"NM","Likely R","House",FALSE,2
"709",2004,"NY","Leans D","House",FALSE,1
"710",2004,"NY","Likely D","House",FALSE,4
"711",2004,"NY","Safe R","House",FALSE,24
"712",2004,"NY","Leans R","House",FALSE,27
"713",2004,"NC","Safe R","House",FALSE,5
"714",2004,"NC","Safe R","House",FALSE,8
"715",2004,"NC","Likely D","House",FALSE,13
"716",2004,"ND","Leans D","House",FALSE,1
"717",2004,"OH","Safe D","House",FALSE,10
"718",2004,"OK","Likely D","House",FALSE,2
"719",2004,"OK","Safe R","House",FALSE,4
"720",2004,"OR","Leans D","House",FALSE,1
"721",2004,"OR","Leans D","House",FALSE,5
"722",2004,"PA","Leans R","House",FALSE,6
"723",2004,"PA","Leans D","House",FALSE,13
"724",2004,"PA","Leans R","House",FALSE,15
"725",2004,"PA","Leans D","House",FALSE,17
"726",2004,"SD","Leans D","House",FALSE,1
"727",2004,"TN","Leans D","House",FALSE,4
"728",2004,"TX","Leans R","House",FALSE,1
"729",2004,"TX","Leans R","House",FALSE,2
"730",2004,"TX","Leans D","House",FALSE,17
"731",2004,"TX","Leans R","House",FALSE,19
"732",2004,"TX","Safe R","House",FALSE,23
"733",2004,"TX","Leans R","House",FALSE,32
"734",2004,"UT","Leans D","House",FALSE,2
"735",2004,"VA","Safe D","House",FALSE,8
"736",2004,"VA","Safe D","House",FALSE,9
"737",2004,"WA","Likely D","House",FALSE,2
"738",2004,"WA","Leans R","House",FALSE,5
"739",2004,"WA","Leans R","House",FALSE,8
"740",2004,"WV","Safe R","House",FALSE,2
"741",2004,"WI","Safe D","House",FALSE,3
"742",2006,"AZ","Toss-up","House",FALSE,1
"743",2006,"AZ","Toss-up","House",FALSE,5
"744",2006,"AZ","Likely D","House",FALSE,8
"745",2006,"CA","Leans R","House",FALSE,4
"746",2006,"CA","Toss-up","House",FALSE,11
"747",2006,"CA","Leans R","House",FALSE,50
"748",2006,"CO","Toss-up","House",FALSE,4
"749",2006,"CO","Leans R","House",FALSE,5
"750",2006,"CO","Likely R","House",FALSE,6
"751",2006,"CO","Likely D","House",FALSE,7
"752",2006,"CT","Toss-up","House",FALSE,2
"753",2006,"CT","Toss-up","House",FALSE,4
"754",2006,"CT","Toss-up","House",FALSE,5
"755",2006,"FL","Likely R","House",FALSE,8
"756",2006,"FL","Likely R","House",FALSE,9
"757",2006,"FL","Leans D","House",FALSE,13
"758",2006,"FL","Toss-up","House",FALSE,16
"759",2006,"FL","Toss-up","House",FALSE,22
"760",2006,"GA","Leans D","House",FALSE,8
"761",2006,"GA","Toss-up","House",FALSE,12
"762",2006,"IA","Leans D","House",FALSE,1
"763",2006,"IA","Leans R","House",FALSE,2
"764",2006,"IA","Leans D","House",FALSE,3
"765",2006,"ID","Toss-up","House",FALSE,1
"766",2006,"IL","Toss-up","House",FALSE,6
"767",2006,"IL","Leans D","House",FALSE,8
"768",2006,"IL","Leans R","House",FALSE,10
"769",2006,"IN","Leans D","House",FALSE,2
"770",2006,"IN","Likely R","House",FALSE,3
"771",2006,"IN","Likely D","House",FALSE,7
"772",2006,"IN","Likely D","House",FALSE,8
"773",2006,"IN","Toss-up","House",FALSE,9
"774",2006,"KS","Toss-up","House",FALSE,2
"775",2006,"KY","Leans R","House",FALSE,2
"776",2006,"KY","Toss-up","House",FALSE,3
"777",2006,"KY","Toss-up","House",FALSE,4
"778",2006,"LA","Likely D","House",FALSE,3
"779",2006,"MI","Likely R","House",FALSE,7
"780",2006,"MN","Toss-up","House",FALSE,1
"781",2006,"MN","Likely R","House",FALSE,2
"782",2006,"MN","Toss-up","House",FALSE,6
"783",2006,"NC","Leans R","House",FALSE,8
"784",2006,"NC","Leans D","House",FALSE,11
"785",2006,"NE","Toss-up","House",FALSE,3
"786",2006,"NH","Likely R","House",FALSE,1
"787",2006,"NH","Toss-up","House",FALSE,2
"788",2006,"NJ","Leans R","House",FALSE,7
"789",2006,"NM","Toss-up","House",FALSE,1
"790",2006,"NV","Leans R","House",FALSE,2
"791",2006,"NV","Toss-up","House",FALSE,3
"792",2006,"NY","Likely R","House",FALSE,3
"793",2006,"NY","Toss-up","House",FALSE,19
"794",2006,"NY","Toss-up","House",FALSE,20
"795",2006,"NY","Leans D","House",FALSE,24
"796",2006,"NY","Toss-up","House",FALSE,25
"797",2006,"NY","Toss-up","House",FALSE,26
"798",2006,"NY","Leans R","House",FALSE,29
"799",2006,"OH","Toss-up","House",FALSE,1
"800",2006,"OH","Toss-up","House",FALSE,2
"801",2006,"OH","Likely D","House",FALSE,6
"802",2006,"OH","Likely R","House",FALSE,12
"803",2006,"OH","Toss-up","House",FALSE,15
"804",2006,"OH","Leans D","House",FALSE,18
"805",2006,"PA","Toss-up","House",FALSE,4
"806",2006,"PA","Leans D","House",FALSE,6
"807",2006,"PA","Leans D","House",FALSE,7
"808",2006,"PA","Toss-up","House",FALSE,8
"809",2006,"PA","Leans D","House",FALSE,10
"810",2006,"TX","Likely D","House",FALSE,17
"811",2006,"TX","Toss-up","House",FALSE,22
"812",2006,"TX","Leans R","House",FALSE,23
"813",2006,"VA","Toss-up","House",FALSE,2
"814",2006,"VA","Leans R","House",FALSE,10
"815",2006,"VT","Likely D","House",FALSE,1
"816",2006,"WA","Leans R","House",FALSE,5
"817",2006,"WA","Toss-up","House",FALSE,8
"818",2006,"WI","Toss-up","House",FALSE,8
"819",2006,"WV","Likely D","House",FALSE,1
"820",2006,"WV","Likely R","House",FALSE,2
"821",2006,"WY","Toss-up","House",FALSE,1
"822",2008,"AK","Leans D","House",FALSE,1
"823",2008,"AL","Leans R","House",FALSE,2
"824",2008,"AL","Toss-up","House",FALSE,5
"825",2008,"AZ","Leans D","House",FALSE,1
"826",2008,"AZ","Likely R","House",FALSE,3
"827",2008,"AZ","Leans D","House",FALSE,5
"828",2008,"AZ","Leans D","House",FALSE,8
"829",2008,"CA","Likely R","House",FALSE,4
"830",2008,"CA","Leans D","House",FALSE,11
"831",2008,"CA","Likely R","House",FALSE,41
"832",2008,"CA","Likely R","House",FALSE,50
"833",2008,"CA","Safe R","House",FALSE,52
"834",2008,"CO","Safe D","House",FALSE,2
"835",2008,"CO","Leans D","House",FALSE,4
"836",2008,"CO","Safe R","House",FALSE,6
"837",2008,"CT","Likely D","House",FALSE,2
"838",2008,"CT","Leans R","House",FALSE,4
"839",2008,"CT","Likely D","House",FALSE,5
"840",2008,"FL","Toss-up","House",FALSE,8
"841",2008,"FL","Likely R","House",FALSE,13
"842",2008,"FL","Safe R","House",FALSE,15
"843",2008,"FL","Likely R","House",FALSE,16
"844",2008,"FL","Leans R","House",FALSE,21
"845",2008,"FL","Likely D","House",FALSE,22
"846",2008,"FL","Toss-up","House",FALSE,24
"847",2008,"FL","Leans R","House",FALSE,25
"848",2008,"GA","Leans D","House",FALSE,8
"849",2008,"GA","Likely D","House",FALSE,12
"850",2008,"IA","Likely D","House",FALSE,2
"851",2008,"ID","Likely R","House",FALSE,1
"852",2008,"IL","Likely R","House",FALSE,6
"853",2008,"IL","Likely D","House",FALSE,8
"854",2008,"IL","Leans R","House",FALSE,10
"855",2008,"IL","Leans D","House",FALSE,11
"856",2008,"IL","Leans D","House",FALSE,14
"857",2008,"IL","Likely R","House",FALSE,18
"858",2008,"IN","Likely D","House",FALSE,2
"859",2008,"IN","Likely D","House",FALSE,7
"860",2008,"IN","Likely D","House",FALSE,8
"861",2008,"IN","Likely D","House",FALSE,9
"862",2008,"KS","Leans D","House",FALSE,2
"863",2008,"KS","Likely D","House",FALSE,3
"864",2008,"KY","Leans R","House",FALSE,2
"865",2008,"KY","Leans D","House",FALSE,3
"866",2008,"LA","Likely D","House",FALSE,2
"867",2008,"LA","Toss-up","House",FALSE,4
"868",2008,"LA","Toss-up","House",FALSE,6
"869",2008,"LA","Likely R","House",FALSE,7
"870",2008,"MD","Leans R","House",FALSE,1
"871",2008,"MD","Safe D","House",FALSE,4
"872",2008,"ME","Safe D","House",FALSE,2
"873",2008,"MI","Toss-up","House",FALSE,7
"874",2008,"MI","Leans R","House",FALSE,9
"875",2008,"MN","Likely D","House",FALSE,1
"876",2008,"MN","Toss-up","House",FALSE,3
"877",2008,"MO","Likely R","House",FALSE,6
"878",2008,"MO","Leans R","House",FALSE,9
"879",2008,"MS","Leans D","House",FALSE,1
"880",2008,"MS","Safe R","House",FALSE,3
"881",2008,"NC","Likely R","House",FALSE,3
"882",2008,"NC","Toss-up","House",FALSE,8
"883",2008,"NC","Likely D","House",FALSE,11
"884",2008,"NE","Likely R","House",FALSE,2
"885",2008,"NH","Toss-up","House",FALSE,1
"886",2008,"NH","Likely D","House",FALSE,2
"887",2008,"NJ","Safe D","House",FALSE,1
"888",2008,"NJ","Toss-up","House",FALSE,3
"889",2008,"NJ","Likely R","House",FALSE,5
"890",2008,"NJ","Toss-up","House",FALSE,7
"891",2008,"NM","Toss-up","House",FALSE,1
"892",2008,"NM","Toss-up","House",FALSE,2
"893",2008,"NM","Safe D","House",FALSE,3
"894",2008,"NV","Leans R","House",FALSE,2
"895",2008,"NV","Leans D","House",FALSE,3
"896",2008,"NY","Likely R","House",FALSE,3
"897",2008,"NY","Likely D","House",FALSE,13
"898",2008,"NY","Likely D","House",FALSE,19
"899",2008,"NY","Leans D","House",FALSE,20
"900",2008,"NY","Safe D","House",FALSE,21
"901",2008,"NY","Likely D","House",FALSE,24
"902",2008,"NY","Leans D","House",FALSE,25
"903",2008,"NY","Leans R","House",FALSE,26
"904",2008,"NY","Toss-up","House",FALSE,29
"905",2008,"OH","Toss-up","House",FALSE,1
"906",2008,"OH","Leans R","House",FALSE,2
"907",2008,"OH","Safe R","House",FALSE,7
"908",2008,"OH","Toss-up","House",FALSE,15
"909",2008,"OH","Toss-up","House",FALSE,16
"910",2008,"OH","Likely D","House",FALSE,18
"911",2008,"OR","Likely D","House",FALSE,5
"912",2008,"PA","Leans R","House",FALSE,3
"913",2008,"PA","Likely D","House",FALSE,4
"914",2008,"PA","Safe R","House",FALSE,5
"915",2008,"PA","Likely R","House",FALSE,6
"916",2008,"PA","Likely D","House",FALSE,8
"917",2008,"PA","Leans D","House",FALSE,10
"918",2008,"PA","Toss-up","House",FALSE,11
"919",2008,"PA","Likely R","House",FALSE,15
"920",2008,"PA","Likely R","House",FALSE,18
"921",2008,"TN","Safe R","House",FALSE,1
"922",2008,"TX","Likely R","House",FALSE,7
"923",2008,"TX","Likely R","House",FALSE,10
"924",2008,"TX","Toss-up","House",FALSE,22
"925",2008,"TX","Likely D","House",FALSE,23
"926",2008,"UT","Safe R","House",FALSE,3
"927",2008,"VA","Leans R","House",FALSE,2
"928",2008,"VA","Likely R","House",FALSE,5
"929",2008,"VA","Likely D","House",FALSE,11
"930",2008,"WA","Leans R","House",FALSE,8
"931",2008,"WI","Leans D","House",FALSE,8
"932",2008,"WV","Likely R","House",FALSE,2
"933",2008,"WY","Leans R","House",FALSE,1
"934",2010,"AL","Leans D","House",FALSE,2
"935",2010,"AL","Likely R","House",FALSE,5
"936",2010,"AR","Leans R","House",FALSE,1
"937",2010,"AR","Likely R","House",FALSE,2
"938",2010,"AZ","Leans R","House",FALSE,1
"939",2010,"AZ","Leans R","House",FALSE,3
"940",2010,"AZ","Leans R","House",FALSE,5
"941",2010,"AZ","Leans D","House",FALSE,7
"942",2010,"AZ","Leans D","House",FALSE,8
"943",2010,"CA","Leans R","House",FALSE,3
"944",2010,"CA","Leans R","House",FALSE,11
"945",2010,"CA","Likely D","House",FALSE,18
"946",2010,"CA","Leans D","House",FALSE,20
"947",2010,"CA","Likely R","House",FALSE,44
"948",2010,"CA","Likely R","House",FALSE,45
"949",2010,"CA","Likely D","House",FALSE,47
"950",2010,"CO","Leans R","House",FALSE,3
"951",2010,"CO","Leans R","House",FALSE,4
"952",2010,"CO","Likely D","House",FALSE,7
"953",2010,"CT","Leans D","House",FALSE,4
"954",2010,"CT","Leans D","House",FALSE,5
"955",2010,"DE","Leans D","House",FALSE,1
"956",2010,"FL","Leans R","House",FALSE,2
"957",2010,"FL","Leans R","House",FALSE,8
"958",2010,"FL","Leans R","House",FALSE,12
"959",2010,"FL","Leans R","House",FALSE,22
"960",2010,"FL","Leans R","House",FALSE,24
"961",2010,"FL","Leans R","House",FALSE,25
"962",2010,"GA","Leans R","House",FALSE,2
"963",2010,"GA","Leans R","House",FALSE,8
"964",2010,"HI","Leans R","House",FALSE,1
"965",2010,"IA","Likely D","House",FALSE,1
"966",2010,"IA","Likely D","House",FALSE,2
"967",2010,"IA","Leans D","House",FALSE,3
"968",2010,"ID","Leans R","House",FALSE,1
"969",2010,"IL","Likely D","House",FALSE,8
"970",2010,"IL","Leans D","House",FALSE,10
"971",2010,"IL","Leans R","House",FALSE,11
"972",2010,"IL","Leans R","House",FALSE,14
"973",2010,"IL","Leans R","House",FALSE,17
"974",2010,"IN","Leans D","House",FALSE,2
"975",2010,"IN","Likely R","House",FALSE,8
"976",2010,"IN","Leans R","House",FALSE,9
"977",2010,"KS","Likely R","House",FALSE,3
"978",2010,"KY","Likely D","House",FALSE,3
"979",2010,"KY","Leans D","House",FALSE,6
"980",2010,"LA","Leans D","House",FALSE,2
"981",2010,"LA","Likely R","House",FALSE,3
"982",2010,"MA","Likely D","House",FALSE,4
"983",2010,"MA","Leans D","House",FALSE,10
"984",2010,"MD","Leans R","House",FALSE,1
"985",2010,"ME","Leans D","House",FALSE,1
"986",2010,"MI","Leans R","House",FALSE,1
"987",2010,"MI","Leans R","House",FALSE,7
"988",2010,"MI","Leans D","House",FALSE,9
"989",2010,"MN","Leans D","House",FALSE,1
"990",2010,"MN","Likely R","House",FALSE,6
"991",2010,"MN","Leans D","House",FALSE,8
"992",2010,"MO","Likely D","House",FALSE,3
"993",2010,"MO","Leans D","House",FALSE,4
"994",2010,"MS","Leans R","House",FALSE,1
"995",2010,"MS","Leans D","House",FALSE,4
"996",2010,"NC","Likely D","House",FALSE,2
"997",2010,"NC","Likely D","House",FALSE,7
"998",2010,"NC","Leans R","House",FALSE,8
"999",2010,"NC","Likely D","House",FALSE,11
"1000",2010,"ND","Leans R","House",FALSE,1
"1001",2010,"NE","Likely R","House",FALSE,2
"1002",2010,"NH","Leans R","House",FALSE,1
"1003",2010,"NH","Leans R","House",FALSE,2
"1004",2010,"NJ","Leans R","House",FALSE,3
"1005",2010,"NJ","Likely D","House",FALSE,12
"1006",2010,"NM","Leans D","House",FALSE,1
"1007",2010,"NM","Leans R","House",FALSE,2
"1008",2010,"NV","Leans R","House",FALSE,3
"1009",2010,"NY","Likely D","House",FALSE,1
"1010",2010,"NY","Likely D","House",FALSE,13
"1011",2010,"NY","Leans R","House",FALSE,19
"1012",2010,"NY","Leans R","House",FALSE,20
"1013",2010,"NY","Likely D","House",FALSE,22
"1014",2010,"NY","Leans R","House",FALSE,23
"1015",2010,"NY","Leans D","House",FALSE,24
"1016",2010,"NY","Likely D","House",FALSE,25
"1017",2010,"NY","Likely R","House",FALSE,29
"1018",2010,"OH","Leans R","House",FALSE,1
"1019",2010,"OH","Leans D","House",FALSE,6
"1020",2010,"OH","Likely R","House",FALSE,12
"1021",2010,"OH","Likely D","House",FALSE,13
"1022",2010,"OH","Leans R","House",FALSE,15
"1023",2010,"OH","Leans R","House",FALSE,16
"1024",2010,"OH","Leans R","House",FALSE,18
"1025",2010,"OR","Leans D","House",FALSE,5
"1026",2010,"PA","Leans R","House",FALSE,3
"1027",2010,"PA","Likely D","House",FALSE,4
"1028",2010,"PA","Likely R","House",FALSE,6
"1029",2010,"PA","Leans R","House",FALSE,7
"1030",2010,"PA","Leans R","House",FALSE,8
"1031",2010,"PA","Leans R","House",FALSE,10
"1032",2010,"PA","Leans R","House",FALSE,11
"1033",2010,"PA","Leans D","House",FALSE,12
"1034",2010,"PA","Leans R","House",FALSE,15
"1035",2010,"PA","Likely D","House",FALSE,17
"1036",2010,"RI","Leans D","House",FALSE,1
"1037",2010,"SC","Leans R","House",FALSE,5
"1038",2010,"SD","Leans R","House",FALSE,1
"1039",2010,"TN","Leans R","House",FALSE,4
"1040",2010,"TN","Likely R","House",FALSE,6
"1041",2010,"TN","Likely R","House",FALSE,8
"1042",2010,"TX","Leans R","House",FALSE,17
"1043",2010,"TX","Leans R","House",FALSE,23
"1044",2010,"VA","Leans R","House",FALSE,2
"1045",2010,"VA","Leans R","House",FALSE,5
"1046",2010,"VA","Leans D","House",FALSE,9
"1047",2010,"VA","Leans D","House",FALSE,11
"1048",2010,"WA","Leans D","House",FALSE,2
"1049",2010,"WA","Leans R","House",FALSE,3
"1050",2010,"WA","Leans R","House",FALSE,8
"1051",2010,"WI","Likely D","House",FALSE,3
"1052",2010,"WI","Leans R","House",FALSE,7
"1053",2010,"WI","Leans R","House",FALSE,8
"1054",2010,"WV","Leans R","House",FALSE,1
"1055",2010,"WV","Likely D","House",FALSE,3
"1056",2012,"AR","Safe R","House",FALSE,1
"1057",2012,"AR","Safe R","House",FALSE,4
"1058",2012,"AZ","Leans R","House",FALSE,1
"1059",2012,"AZ","Likely D","House",FALSE,2
"1060",2012,"AZ","Leans D","House",FALSE,9
"1061",2012,"CA","Safe D","House",FALSE,3
"1062",2012,"CA","Leans D","House",FALSE,7
"1063",2012,"CA","Leans D","House",FALSE,9
"1064",2012,"CA","Leans R","House",FALSE,10
"1065",2012,"CA","Safe D","House",FALSE,16
"1066",2012,"CA","Likely R","House",FALSE,21
"1067",2012,"CA","Leans D","House",FALSE,24
"1068",2012,"CA","Leans D","House",FALSE,26
"1069",2012,"CA","Safe R","House",FALSE,31
"1070",2012,"CA","Safe D","House",FALSE,32
"1071",2012,"CA","Leans R","House",FALSE,36
"1072",2012,"CA","Leans D","House",FALSE,41
"1073",2012,"CA","Likely D","House",FALSE,47
"1074",2012,"CA","Leans D","House",FALSE,52
"1075",2012,"CO","Likely R","House",FALSE,3
"1076",2012,"CO","Leans R","House",FALSE,6
"1077",2012,"CO","Likely D","House",FALSE,7
"1078",2012,"CT","Leans D","House",FALSE,5
"1079",2012,"FL","Leans R","House",FALSE,2
"1080",2012,"FL","Safe R","House",FALSE,7
"1081",2012,"FL","Leans R","House",FALSE,8
"1082",2012,"FL","Safe D","House",FALSE,9
"1083",2012,"FL","Likely R","House",FALSE,13
"1084",2012,"FL","Leans R","House",FALSE,18
"1085",2012,"FL","Leans D","House",FALSE,22
"1086",2012,"FL","Leans D","House",FALSE,26
"1087",2012,"GA","Leans D","House",FALSE,2
"1088",2012,"GA","Leans D","House",FALSE,12
"1089",2012,"IA","Likely D","House",FALSE,1
"1090",2012,"IA","Likely D","House",FALSE,2
"1091",2012,"IA","Leans R","House",FALSE,3
"1092",2012,"IA","Leans R","House",FALSE,4
"1093",2012,"IL","Leans D","House",FALSE,8
"1094",2012,"IL","Leans R","House",FALSE,10
"1095",2012,"IL","Leans D","House",FALSE,11
"1096",2012,"IL","Leans D","House",FALSE,12
"1097",2012,"IL","Leans D","House",FALSE,13
"1098",2012,"IL","Leans D","House",FALSE,17
"1099",2012,"IN","Likely R","House",FALSE,2
"1100",2012,"IN","Leans R","House",FALSE,8
"1101",2012,"KY","Leans R","House",FALSE,6
"1102",2012,"MA","Leans R","House",FALSE,6
"1103",2012,"MD","Safe R","House",FALSE,1
"1104",2012,"MD","Likely D","House",FALSE,6
"1105",2012,"ME","Safe D","House",FALSE,2
"1106",2012,"MI","Leans D","House",FALSE,1
"1107",2012,"MI","Leans R","House",FALSE,3
"1108",2012,"MI","Safe R","House",FALSE,7
"1109",2012,"MI","Leans R","House",FALSE,11
"1110",2012,"MN","Safe D","House",FALSE,1
"1111",2012,"MN","Likely R","House",FALSE,2
"1112",2012,"MN","Safe R","House",FALSE,3
"1113",2012,"MN","Likely R","House",FALSE,6
"1114",2012,"MN","Safe D","House",FALSE,7
"1115",2012,"MN","Leans D","House",FALSE,8
"1116",2012,"MO","Safe R","House",FALSE,2
"1117",2012,"MT","Likely R","House",FALSE,1
"1118",2012,"NC","Safe R","House",FALSE,2
"1119",2012,"NC","Leans R","House",FALSE,7
"1120",2012,"NC","Likely R","House",FALSE,8
"1121",2012,"NC","Likely R","House",FALSE,11
"1122",2012,"NC","Safe R","House",FALSE,13
"1123",2012,"ND","Likely R","House",FALSE,1
"1124",2012,"NH","Leans R","House",FALSE,1
"1125",2012,"NH","Leans D","House",FALSE,2
"1126",2012,"NJ","Likely R","House",FALSE,3
"1127",2012,"NJ","Likely R","House",FALSE,7
"1128",2012,"NJ","Safe D","House",FALSE,12
"1129",2012,"NM","Safe D","House",FALSE,1
"1130",2012,"NV","Leans R","House",FALSE,2
"1131",2012,"NV","Leans R","House",FALSE,3
"1132",2012,"NV","Leans D","House",FALSE,4
"1133",2012,"NY","Leans D","House",FALSE,1
"1134",2012,"NY","Safe R","House",FALSE,2
"1135",2012,"NY","Safe D","House",FALSE,3
"1136",2012,"NY","Safe D","House",FALSE,4
"1137",2012,"NY","Leans R","House",FALSE,9
"1138",2012,"NY","Likely R","House",FALSE,11
"1139",2012,"NY","Leans R","House",FALSE,18
"1140",2012,"NY","Leans R","House",FALSE,19
"1141",2012,"NY","Leans D","House",FALSE,21
"1142",2012,"NY","Safe R","House",FALSE,22
"1143",2012,"NY","Safe R","House",FALSE,23
"1144",2012,"NY","Leans D","House",FALSE,24
"1145",2012,"NY","Leans D","House",FALSE,25
"1146",2012,"NY","Leans R","House",FALSE,27
"1147",2012,"OH","Safe R","House",FALSE,1
"1148",2012,"OH","Leans R","House",FALSE,6
"1149",2012,"OH","Safe R","House",FALSE,7
"1150",2012,"OH","Leans D","House",FALSE,16
"1151",2012,"OK","Leans R","House",FALSE,2
"1152",2012,"OR","Safe D","House",FALSE,1
"1153",2012,"OR","Safe D","House",FALSE,5
"1154",2012,"PA","Safe R","House",FALSE,3
"1155",2012,"PA","Likely R","House",FALSE,6
"1156",2012,"PA","Safe R","House",FALSE,7
"1157",2012,"PA","Likely R","House",FALSE,8
"1158",2012,"PA","Safe R","House",FALSE,11
"1159",2012,"PA","Leans D","House",FALSE,12
"1160",2012,"PA","Safe D","House",FALSE,17
"1161",2012,"RI","Leans D","House",FALSE,1
"1162",2012,"SD","Likely R","House",FALSE,1
"1163",2012,"TN","Likely R","House",FALSE,4
"1164",2012,"TN","Safe D","House",FALSE,5
"1165",2012,"TX","Safe R","House",FALSE,10
"1166",2012,"TX","Likely R","House",FALSE,14
"1167",2012,"TX","Leans D","House",FALSE,23
"1168",2012,"TX","Likely D","House",FALSE,27
"1169",2012,"TX","Toss-up","House",FALSE,35
"1170",2012,"UT","Leans R","House",FALSE,4
"1171",2012,"VA","Likely R","House",FALSE,2
"1172",2012,"VA","Likely R","House",FALSE,5
"1173",2012,"VA","Safe D","House",FALSE,11
"1174",2012,"WA","Likely D","House",FALSE,1
"1175",2012,"WA","Safe D","House",FALSE,2
"1176",2012,"WA","Safe R","House",FALSE,3
"1177",2012,"WA","Safe R","House",FALSE,8
"1178",2012,"WA","Safe D","House",FALSE,10
"1179",2012,"WI","Safe D","House",FALSE,3
"1180",2012,"WI","Leans R","House",FALSE,7
"1181",2012,"WI","Likely R","House",FALSE,8
"1182",2012,"WV","Safe R","House",FALSE,1
"1183",2012,"WV","Likely D","House",FALSE,3
"1184",2014,"AK","Likely R","House",FALSE,1
"1185",2014,"AR","Leans R","House",FALSE,2
"1186",2014,"AR","Leans R","House",FALSE,4
"1187",2014,"AZ","Leans R","House",FALSE,1
"1188",2014,"AZ","Leans D","House",FALSE,2
"1189",2014,"AZ","Likely D","House",FALSE,9
"1190",2014,"CA","Safe D","House",FALSE,3
"1191",2014,"CA","Leans R","House",FALSE,7
"1192",2014,"CA","Safe R","House",FALSE,10
"1193",2014,"CA","Safe D","House",FALSE,16
"1194",2014,"CA","Likely R","House",FALSE,21
"1195",2014,"CA","Likely D","House",FALSE,24
"1196",2014,"CA","Safe R","House",FALSE,25
"1197",2014,"CA","Leans D","House",FALSE,26
"1198",2014,"CA","Leans D","House",FALSE,31
"1199",2014,"CA","Leans D","House",FALSE,36
"1200",2014,"CA","Leans D","House",FALSE,52
"1201",2014,"CO","Leans R","House",FALSE,6
"1202",2014,"CT","Likely D","House",FALSE,5
"1203",2014,"FL","Leans D","House",FALSE,2
"1204",2014,"FL","Safe R","House",FALSE,10
"1205",2014,"FL","Safe R","House",FALSE,13
"1206",2014,"FL","Safe R","House",FALSE,16
"1207",2014,"FL","Likely D","House",FALSE,18
"1208",2014,"FL","Leans R","House",FALSE,26
"1209",2014,"GA","Leans D","House",FALSE,12
"1210",2014,"HI","Leans D","House",FALSE,1
"1211",2014,"IA","Leans D","House",FALSE,1
"1212",2014,"IA","Leans D","House",FALSE,2
"1213",2014,"IA","Leans R","House",FALSE,3
"1214",2014,"IA","Safe R","House",FALSE,4
"1215",2014,"IL","Leans R","House",FALSE,10
"1216",2014,"IL","Likely D","House",FALSE,11
"1217",2014,"IL","Leans R","House",FALSE,12
"1218",2014,"IL","Likely R","House",FALSE,13
"1219",2014,"IL","Likely D","House",FALSE,17
"1220",2014,"IN","Likely R","House",FALSE,2
"1221",2014,"KS","Likely R","House",FALSE,2
"1222",2014,"KS","Likely R","House",FALSE,3
"1223",2014,"KY","Safe R","House",FALSE,6
"1224",2014,"MA","Leans D","House",FALSE,6
"1225",2014,"MA","Likely D","House",FALSE,9
"1226",2014,"ME","Leans D","House",FALSE,2
"1227",2014,"MI","Likely R","House",FALSE,1
"1228",2014,"MI","Safe R","House",FALSE,3
"1229",2014,"MI","Safe R","House",FALSE,4
"1230",2014,"MI","Likely R","House",FALSE,7
"1231",2014,"MI","Likely R","House",FALSE,8
"1232",2014,"MI","Safe R","House",FALSE,11
"1233",2014,"MN","Safe R","House",FALSE,2
"1234",2014,"MN","Safe R","House",FALSE,6
"1235",2014,"MN","Leans D","House",FALSE,7
"1236",2014,"MN","Leans R","House",FALSE,8
"1237",2014,"MT","Likely R","House",FALSE,1
"1238",2014,"NC","Safe R","House",FALSE,7
"1239",2014,"ND","Likely R","House",FALSE,1
"1240",2014,"NE","Leans D","House",FALSE,2
"1241",2014,"NH","Leans R","House",FALSE,1
"1242",2014,"NH","Leans D","House",FALSE,2
"1243",2014,"NJ","Safe R","House",FALSE,2
"1244",2014,"NJ","Leans R","House",FALSE,3
"1245",2014,"NJ","Safe R","House",FALSE,5
"1246",2014,"NM","Safe R","House",FALSE,2
"1247",2014,"NV","Safe R","House",FALSE,3
"1248",2014,"NV","Leans D","House",FALSE,4
"1249",2014,"NY","Leans R","House",FALSE,1
"1250",2014,"NY","Safe D","House",FALSE,4
"1251",2014,"NY","Leans R","House",FALSE,11
"1252",2014,"NY","Leans D","House",FALSE,18
"1253",2014,"NY","Likely R","House",FALSE,19
"1254",2014,"NY","Likely R","House",FALSE,21
"1255",2014,"NY","Likely R","House",FALSE,23
"1256",2014,"NY","Leans D","House",FALSE,24
"1257",2014,"OH","Safe R","House",FALSE,6
"1258",2014,"OH","Safe R","House",FALSE,7
"1259",2014,"OH","Safe R","House",FALSE,14
"1260",2014,"OH","Safe R","House",FALSE,16
"1261",2014,"OR","Safe D","House",FALSE,5
"1262",2014,"PA","Safe R","House",FALSE,6
"1263",2014,"PA","Safe R","House",FALSE,8
"1264",2014,"PA","Safe R","House",FALSE,12
"1265",2014,"RI","Safe D","House",FALSE,1
"1266",2014,"SD","Safe R","House",FALSE,1
"1267",2014,"TN","Safe R","House",FALSE,4
"1268",2014,"TX","Leans D","House",FALSE,23
"1269",2014,"UT","Likely R","House",FALSE,4
"1270",2014,"VA","Safe R","House",FALSE,2
"1271",2014,"VA","Leans R","House",FALSE,10
"1272",2014,"WA","Safe D","House",FALSE,1
"1273",2014,"WI","Safe R","House",FALSE,6
"1274",2014,"WI","Safe R","House",FALSE,7
"1275",2014,"WV","Safe R","House",FALSE,1
"1276",2014,"WV","Leans R","House",FALSE,2
"1277",2014,"WV","Leans R","House",FALSE,3
"1278",2016,"AK","Leans R","House",FALSE,1
"1279",2016,"AZ","Leans D","House",FALSE,1
"1280",2016,"AZ","Likely R","House",FALSE,1
"1281",2016,"AZ","Safe D","House",FALSE,1
"1282",2016,"CA","Leans D","House",FALSE,1
"1283",2016,"CA","Leans D","House",FALSE,1
"1284",2016,"CA","Safe D","House",FALSE,1
"1285",2016,"CA","Leans R","House",FALSE,1
"1286",2016,"CA","Leans D","House",FALSE,1
"1287",2016,"CA","Leans D","House",FALSE,1
"1288",2016,"CA","Safe D","House",FALSE,1
"1289",2016,"CA","Safe D","House",FALSE,1
"1290",2016,"CA","Safe D","House",FALSE,1
"1291",2016,"CA","Leans D","House",FALSE,1
"1292",2016,"CA","Safe D","House",FALSE,1
"1293",2016,"CO","Likely R","House",FALSE,1
"1294",2016,"CO","Leans R","House",FALSE,1
"1295",2016,"FL","Safe R","House",FALSE,1
"1296",2016,"FL","Leans D","House",FALSE,1
"1297",2016,"FL","Safe D","House",FALSE,1
"1298",2016,"FL","Leans D","House",FALSE,1
"1299",2016,"FL","Leans R","House",FALSE,1
"1300",2016,"FL","Leans R","House",FALSE,1
"1301",2016,"IA","Leans R","House",FALSE,1
"1302",2016,"IA","Safe D","House",FALSE,1
"1303",2016,"IA","Leans R","House",FALSE,1
"1304",2016,"IL","Leans D","House",FALSE,1
"1305",2016,"IL","Likely R","House",FALSE,1
"1306",2016,"IL","Safe R","House",FALSE,1
"1307",2016,"IN","Likely R","House",FALSE,1
"1308",2016,"IN","Leans R","House",FALSE,1
"1309",2016,"KS","Leans R","House",FALSE,1
"1310",2016,"MD","Safe D","House",FALSE,1
"1311",2016,"ME","Leans D","House",FALSE,1
"1312",2016,"MI","Leans R","House",FALSE,1
"1313",2016,"MI","Leans R","House",FALSE,1
"1314",2016,"MI","Likely R","House",FALSE,1
"1315",2016,"MN","Safe D","House",FALSE,1
"1316",2016,"MN","Leans D","House",FALSE,1
"1317",2016,"MN","Leans R","House",FALSE,1
"1318",2016,"MN","Safe D","House",FALSE,1
"1319",2016,"MN","Leans D","House",FALSE,1
"1320",2016,"MT","Likely R","House",FALSE,1
"1321",2016,"NE","Leans D","House",FALSE,1
"1322",2016,"NH","Leans D","House",FALSE,1
"1323",2016,"NH","Safe D","House",FALSE,1
"1324",2016,"NJ","Safe R","House",FALSE,1
"1325",2016,"NJ","Leans D","House",FALSE,1
"1326",2016,"NM","Safe R","House",FALSE,1
"1327",2016,"NV","Leans D","House",FALSE,1
"1328",2016,"NV","Leans D","House",FALSE,1
"1329",2016,"NY","Leans R","House",FALSE,1
"1330",2016,"NY","Likely D","House",FALSE,1
"1331",2016,"NY","Safe R","House",FALSE,1
"1332",2016,"NY","Safe D","House",FALSE,1
"1333",2016,"NY","Leans R","House",FALSE,1
"1334",2016,"NY","Likely R","House",FALSE,1
"1335",2016,"NY","Leans R","House",FALSE,1
"1336",2016,"NY","Likely R","House",FALSE,1
"1337",2016,"NY","Leans R","House",FALSE,1
"1338",2016,"NY","Safe D","House",FALSE,1
"1339",2016,"OH","Safe R","House",FALSE,1
"1340",2016,"PA","Safe R","House",FALSE,1
"1341",2016,"PA","Safe R","House",FALSE,1
"1342",2016,"PA","Leans R","House",FALSE,1
"1343",2016,"PA","Leans R","House",FALSE,1
"1344",2016,"TX","Leans D","House",FALSE,1
"1345",2016,"UT","Leans R","House",FALSE,1
"1346",2016,"VA","Safe R","House",FALSE,1
"1347",2016,"VA","Safe D","House",FALSE,1
"1348",2016,"VA","Leans R","House",FALSE,1
"1349",2016,"VA","Leans R","House",FALSE,1
"1350",2016,"WI","Leans R","House",FALSE,1
"1351",2018,"AK","Leans R","House",FALSE,1
"1352",2018,"AR","Leans R","House",FALSE,2
"1353",2018,"AZ","Likely D","House",FALSE,1
"1354",2018,"AZ","Likely D","House",FALSE,2
"1355",2018,"AZ","Likely R","House",FALSE,6
"1356",2018,"AZ","Likely R","House",FALSE,8
"1357",2018,"CA","Likely R","House",FALSE,4
"1358",2018,"CA","Likely D","House",FALSE,7
"1359",2018,"CA","Leans D","House",FALSE,10
"1360",2018,"CA","Likely D","House",FALSE,16
"1361",2018,"CA","Leans R","House",FALSE,21
"1362",2018,"CA","Likely R","House",FALSE,22
"1363",2018,"CA","Leans R","House",FALSE,25
"1364",2018,"CA","Leans R","House",FALSE,39
"1365",2018,"CA","Leans D","House",FALSE,45
"1366",2018,"CA","Leans D","House",FALSE,48
"1367",2018,"CA","Likely D","House",FALSE,49
"1368",2018,"CA","Leans R","House",FALSE,50
"1369",2018,"CO","Leans R","House",FALSE,3
"1370",2018,"CO","Leans D","House",FALSE,6
"1371",2018,"FL","Leans R","House",FALSE,6
"1372",2018,"FL","Likely D","House",FALSE,7
"1373",2018,"FL","Leans R","House",FALSE,15
"1374",2018,"FL","Likely R","House",FALSE,16
"1375",2018,"FL","Leans R","House",FALSE,18
"1376",2018,"FL","Likely R","House",FALSE,25
"1377",2018,"FL","Leans R","House",FALSE,26
"1378",2018,"FL","Leans D","House",FALSE,27
"1379",2018,"GA","Leans R","House",FALSE,6
"1380",2018,"GA","Leans R","House",FALSE,7
"1381",2018,"IA","Leans D","House",FALSE,1
"1382",2018,"IA","Leans D","House",FALSE,3
"1383",2018,"IA","Leans R","House",FALSE,4
"1384",2018,"IL","Leans D","House",FALSE,6
"1385",2018,"IL","Leans R","House",FALSE,12
"1386",2018,"IL","Leans R","House",FALSE,13
"1387",2018,"IL","Leans D","House",FALSE,14
"1388",2018,"IN","Likely R","House",FALSE,2
"1389",2018,"IN","Likely R","House",FALSE,9
"1390",2018,"KS","Leans D","House",FALSE,2
"1391",2018,"KS","Leans D","House",FALSE,3
"1392",2018,"KY","Leans R","House",FALSE,6
"1393",2018,"ME","Leans D","House",FALSE,2
"1394",2018,"MI","Likely R","House",FALSE,1
"1395",2018,"MI","Likely R","House",FALSE,2
"1396",2018,"MI","Likely R","House",FALSE,3
"1397",2018,"MI","Leans R","House",FALSE,6
"1398",2018,"MI","Likely R","House",FALSE,7
"1399",2018,"MI","Leans D","House",FALSE,8
"1400",2018,"MI","Leans D","House",FALSE,11
"1401",2018,"MN","Leans D","House",FALSE,1
"1402",2018,"MN","Leans D","House",FALSE,2
"1403",2018,"MN","Leans D","House",FALSE,3
"1404",2018,"MN","Likely D","House",FALSE,7
"1405",2018,"MN","Leans R","House",FALSE,8
"1406",2018,"MO","Likely R","House",FALSE,2
"1407",2018,"MT","Leans R","House",FALSE,1
"1408",2018,"NC","Leans R","House",FALSE,2
"1409",2018,"NC","Likely R","House",FALSE,8
"1410",2018,"NC","Leans D","House",FALSE,9
"1411",2018,"NC","Leans R","House",FALSE,13
"1412",2018,"NE","Leans R","House",FALSE,2
"1413",2018,"NH","Likely D","House",FALSE,1
"1414",2018,"NJ","Safe D","House",FALSE,2
"1415",2018,"NJ","Leans D","House",FALSE,3
"1416",2018,"NJ","Likely D","House",FALSE,5
"1417",2018,"NJ","Leans D","House",FALSE,7
"1418",2018,"NM","Leans D","House",FALSE,2
"1419",2018,"NV","Leans D","House",FALSE,3
"1420",2018,"NV","Likely D","House",FALSE,4
"1421",2018,"NY","Leans R","House",FALSE,1
"1422",2018,"NY","Likely R","House",FALSE,2
"1423",2018,"NY","Leans R","House",FALSE,11
"1424",2018,"NY","Likely D","House",FALSE,18
"1425",2018,"NY","Leans D","House",FALSE,19
"1426",2018,"NY","Likely R","House",FALSE,21
"1427",2018,"NY","Leans D","House",FALSE,22
"1428",2018,"NY","Likely R","House",FALSE,23
"1429",2018,"NY","Leans R","House",FALSE,24
"1430",2018,"NY","Leans R","House",FALSE,27
"1431",2018,"OH","Leans R","House",FALSE,1
"1432",2018,"OH","Likely R","House",FALSE,7
"1433",2018,"OH","Leans R","House",FALSE,12
"1434",2018,"OH","Leans R","House",FALSE,14
"1435",2018,"OH","Likely R","House",FALSE,15
"1436",2018,"OK","Likely R","House",FALSE,5
"1437",2018,"PA","Leans R","House",FALSE,1
"1438",2018,"PA","Safe D","House",FALSE,5
"1439",2018,"PA","Safe D","House",FALSE,6
"1440",2018,"PA","Leans D","House",FALSE,7
"1441",2018,"PA","Likely D","House",FALSE,8
"1442",2018,"PA","Leans R","House",FALSE,10
"1443",2018,"PA","Safe R","House",FALSE,14
"1444",2018,"PA","Leans R","House",FALSE,16
"1445",2018,"PA","Likely D","House",FALSE,17
"1446",2018,"SC","Leans R","House",FALSE,1
"1447",2018,"TX","Likely R","House",FALSE,2
"1448",2018,"TX","Likely R","House",FALSE,6
"1449",2018,"TX","Leans R","House",FALSE,7
"1450",2018,"TX","Likely R","House",FALSE,21
"1451",2018,"TX","Likely R","House",FALSE,22
"1452",2018,"TX","Leans R","House",FALSE,23
"1453",2018,"TX","Likely R","House",FALSE,31
"1454",2018,"TX","Leans D","House",FALSE,32
"1455",2018,"UT","Leans D","House",FALSE,4
"1456",2018,"VA","Leans D","House",FALSE,2
"1457",2018,"VA","Leans R","House",FALSE,5
"1458",2018,"VA","Leans D","House",FALSE,7
"1459",2018,"VA","Leans D","House",FALSE,10
"1460",2018,"WA","Leans R","House",FALSE,3
"1461",2018,"WA","Leans R","House",FALSE,5
"1462",2018,"WA","Leans D","House",FALSE,8
"1463",2018,"WI","Leans R","House",FALSE,1
"1464",2018,"WI","Likely R","House",FALSE,6
"1465",2018,"WV","Leans R","House",FALSE,3
"1466",2020,"AK","Leans R","House",FALSE,1
"1467",2020,"AR","Leans R","House",FALSE,2
"1468",2020,"AZ","Likely D","House",FALSE,1
"1469",2020,"AZ","Leans D","House",FALSE,6
"1470",2020,"CA","Leans D","House",FALSE,1
"1471",2020,"CA","Likely R","House",FALSE,1
"1472",2020,"CA","Likely R","House",FALSE,4
"1473",2020,"CA","Leans R","House",FALSE,25
"1474",2020,"CA","Leans D","House",FALSE,39
"1475",2020,"CA","Leans D","House",FALSE,48
"1476",2020,"CA","Likely R","House",FALSE,50
"1477",2020,"CO","Leans R","House",FALSE,3
"1478",2020,"FL","Leans R","House",FALSE,15
"1479",2020,"FL","Likely R","House",FALSE,16
"1480",2020,"FL","Likely R","House",FALSE,18
"1481",2020,"FL","Leans D","House",FALSE,26
"1482",2020,"FL","Likely D","House",FALSE,27
"1483",2020,"GA","Likely D","House",FALSE,6
"1484",2020,"GA","Leans D","House",FALSE,7
"1485",2020,"IA","Leans D","House",FALSE,1
"1486",2020,"IA","Leans D","House",FALSE,2
"1487",2020,"IA","Leans D","House",FALSE,3
"1488",2020,"IL","Leans R","House",FALSE,13
"1489",2020,"IL","Likely D","House",FALSE,14
"1490",2020,"IL","Likely D","House",FALSE,17
"1491",2020,"IN","Leans D","House",FALSE,5
"1492",2020,"KS","Likely R","House",FALSE,2
"1493",2020,"KY","Likely R","House",FALSE,6
"1494",2020,"ME","Likely D","House",FALSE,2
"1495",2020,"MI","Leans R","House",FALSE,3
"1496",2020,"MI","Leans R","House",FALSE,6
"1497",2020,"MI","Likely D","House",FALSE,8
"1498",2020,"MI","Likely D","House",FALSE,11
"1499",2020,"MN","Leans D","House",FALSE,1
"1500",2020,"MN","Likely D","House",FALSE,2
"1501",2020,"MN","Leans R","House",FALSE,7
"1502",2020,"MO","Leans R","House",FALSE,2
"1503",2020,"MT","Leans R","House",FALSE,1
"1504",2020,"NC","Safe D","House",FALSE,2
"1505",2020,"NC","Safe D","House",FALSE,6
"1506",2020,"NC","Leans R","House",FALSE,8
"1507",2020,"NC","Likely R","House",FALSE,9
"1508",2020,"NC","Leans R","House",FALSE,11
"1509",2020,"NE","Leans R","House",FALSE,2
"1510",2020,"NH","Likely D","House",FALSE,1
"1511",2020,"NH","Likely D","House",FALSE,2
"1512",2020,"NJ","Leans D","House",FALSE,2
"1513",2020,"NJ","Likely D","House",FALSE,3
"1514",2020,"NJ","Leans D","House",FALSE,7
"1515",2020,"NM","Leans D","House",FALSE,2
"1516",2020,"NV","Leans D","House",FALSE,3
"1517",2020,"NV","Likely D","House",FALSE,4
"1518",2020,"NY","Leans R","House",FALSE,1
"1519",2020,"NY","Leans R","House",FALSE,2
"1520",2020,"NY","Leans D","House",FALSE,11
"1521",2020,"NY","Likely D","House",FALSE,18
"1522",2020,"NY","Likely D","House",FALSE,19
"1523",2020,"NY","Leans D","House",FALSE,22
"1524",2020,"NY","Leans R","House",FALSE,24
"1525",2020,"NY","Likely R","House",FALSE,27
"1526",2020,"OH","Leans D","House",FALSE,1
"1527",2020,"OH","Likely R","House",FALSE,10
"1528",2020,"OH","Likely R","House",FALSE,12
"1529",2020,"OK","Leans D","House",FALSE,5
"1530",2020,"OR","Leans D","House",FALSE,4
"1531",2020,"PA","Leans R","House",FALSE,1
"1532",2020,"PA","Likely D","House",FALSE,7
"1533",2020,"PA","Likely D","House",FALSE,8
"1534",2020,"PA","Leans D","House",FALSE,10
"1535",2020,"PA","Likely D","House",FALSE,17
"1536",2020,"SC","Leans D","House",FALSE,1
"1537",2020,"SC","Likely R","House",FALSE,2
"1538",2020,"TX","Likely R","House",FALSE,2
"1539",2020,"TX","Likely R","House",FALSE,3
"1540",2020,"TX","Likely R","House",FALSE,6
"1541",2020,"TX","Likely D","House",FALSE,7
"1542",2020,"TX","Leans R","House",FALSE,10
"1543",2020,"TX","Leans R","House",FALSE,21
"1544",2020,"TX","Leans R","House",FALSE,22
"1545",2020,"TX","Leans D","House",FALSE,23
"1546",2020,"TX","Leans D","House",FALSE,24
"1547",2020,"TX","Likely R","House",FALSE,25
"1548",2020,"TX","Likely R","House",FALSE,31
"1549",2020,"TX","Likely D","House",FALSE,32
"1550",2020,"UT","Leans D","House",FALSE,4
"1551",2020,"VA","Leans D","House",FALSE,2
"1552",2020,"VA","Leans R","House",FALSE,5
"1553",2020,"VA","Leans D","House",FALSE,7
"1554",2020,"WA","Leans R","House",FALSE,3
"1555",2020,"WA","Leans D","House",FALSE,8
"1556",2020,"WI","Likely D","House",FALSE,3
"1557",2022,"AK","Leans D","House",FALSE,1
"1558",2022,"AZ","Leans R","House",FALSE,1
"1559",2022,"AZ","Leans R","House",FALSE,2
"1560",2022,"AZ","Leans D","House",FALSE,4
"1561",2022,"AZ","Leans R","House",FALSE,6
"1562",2022,"CA","Likely R","House",FALSE,3
"1563",2022,"CA","Leans D","House",FALSE,9
"1564",2022,"CA","Leans R","House",FALSE,13
"1565",2022,"CA","Leans R","House",FALSE,22
"1566",2022,"CA","Likely D","House",FALSE,25
"1567",2022,"CA","Likely D","House",FALSE,26
"1568",2022,"CA","Leans R","House",FALSE,27
"1569",2022,"CA","Likely R","House",FALSE,40
"1570",2022,"CA","Likely R","House",FALSE,41
"1571",2022,"CA","Leans R","House",FALSE,45
"1572",2022,"CA","Leans D","House",FALSE,47
"1573",2022,"CA","Leans R","House",FALSE,49
"1574",2022,"CO","Likely R","House",FALSE,3
"1575",2022,"CO","Leans D","House",FALSE,7
"1576",2022,"CO","Leans R","House",FALSE,8
"1577",2022,"CT","Likely D","House",FALSE,2
"1578",2022,"CT","Leans R","House",FALSE,5
"1579",2022,"FL","Safe R","House",FALSE,4
"1580",2022,"FL","Safe R","House",FALSE,7
"1581",2022,"FL","Likely R","House",FALSE,13
"1582",2022,"FL","Likely R","House",FALSE,15
"1583",2022,"FL","Likely D","House",FALSE,23
"1584",2022,"FL","Likely R","House",FALSE,27
"1585",2022,"GA","Likely D","House",FALSE,2
"1586",2022,"GA","Safe R","House",FALSE,6
"1587",2022,"IA","Likely R","House",FALSE,1
"1588",2022,"IA","Likely R","House",FALSE,2
"1589",2022,"IA","Leans R","House",FALSE,3
"1590",2022,"IL","Leans D","House",FALSE,6
"1591",2022,"IL","Likely D","House",FALSE,11
"1592",2022,"IL","Leans D","House",FALSE,13
"1593",2022,"IL","Leans D","House",FALSE,14
"1594",2022,"IL","Leans R","House",FALSE,17
"1595",2022,"IN","Leans D","House",FALSE,1
"1596",2022,"KS","Leans D","House",FALSE,3
"1597",2022,"MD","Leans D","House",FALSE,6
"1598",2022,"ME","Leans D","House",FALSE,2
"1599",2022,"MI","Leans D","House",FALSE,3
"1600",2022,"MI","Leans R","House",FALSE,7
"1601",2022,"MI","Leans D","House",FALSE,8
"1602",2022,"MI","Leans R","House",FALSE,10
"1603",2022,"MN","Likely R","House",FALSE,1
"1604",2022,"MN","Leans D","House",FALSE,2
"1605",2022,"MT","Leans R","House",FALSE,1
"1606",2022,"NC","Leans D","House",FALSE,1
"1607",2022,"NC","Likely D","House",FALSE,6
"1608",2022,"NC","Leans R","House",FALSE,13
"1609",2022,"NE","Leans R","House",FALSE,2
"1610",2022,"NH","Leans D","House",FALSE,1
"1611",2022,"NH","Likely D","House",FALSE,2
"1612",2022,"NJ","Likely D","House",FALSE,3
"1613",2022,"NJ","Likely D","House",FALSE,5
"1614",2022,"NJ","Leans R","House",FALSE,7
"1615",2022,"NJ","Likely D","House",FALSE,11
"1616",2022,"NM","Likely D","House",FALSE,1
"1617",2022,"NM","Leans R","House",FALSE,2
"1618",2022,"NM","Likely D","House",FALSE,3
"1619",2022,"NV","Leans D","House",FALSE,1
"1620",2022,"NV","Leans R","House",FALSE,3
"1621",2022,"NV","Leans D","House",FALSE,4
"1622",2022,"NY","Leans R","House",FALSE,1
"1623",2022,"NY","Likely R","House",FALSE,2
"1624",2022,"NY","Leans R","House",FALSE,3
"1625",2022,"NY","Leans D","House",FALSE,4
"1626",2022,"NY","Likely R","House",FALSE,11
"1627",2022,"NY","Leans D","House",FALSE,17
"1628",2022,"NY","Leans D","House",FALSE,18
"1629",2022,"NY","Leans R","House",FALSE,19
"1630",2022,"NY","Leans R","House",FALSE,22
"1631",2022,"NY","Likely D","House",FALSE,25
"1632",2022,"OH","Leans R","House",FALSE,1
"1633",2022,"OH","Leans D","House",FALSE,9
"1634",2022,"OH","Leans R","House",FALSE,13
"1635",2022,"OR","Leans D","House",FALSE,4
"1636",2022,"OR","Leans R","House",FALSE,5
"1637",2022,"OR","Leans D","House",FALSE,6
"1638",2022,"PA","Likely R","House",FALSE,1
"1639",2022,"PA","Likely D","House",FALSE,6
"1640",2022,"PA","Leans R","House",FALSE,7
"1641",2022,"PA","Leans R","House",FALSE,8
"1642",2022,"PA","Likely D","House",FALSE,12
"1643",2022,"PA","Leans R","House",FALSE,17
"1644",2022,"RI","Leans R","House",FALSE,2
"1645",2022,"TN","Safe R","House",FALSE,5
"1646",2022,"TX","Likely R","House",FALSE,15
"1647",2022,"TX","Leans D","House",FALSE,28
"1648",2022,"TX","Leans R","House",FALSE,34
"1649",2022,"VA","Leans R","House",FALSE,2
"1650",2022,"VA","Leans D","House",FALSE,7
"1651",2022,"VA","Likely D","House",FALSE,10
"1652",2022,"WA","Likely R","House",FALSE,3
"1653",2022,"WA","Leans R","House",FALSE,8
"1654",2022,"WI","Likely R","House",FALSE,3
"1655",2004,"AL","Safe R","President",FALSE,0
"1656",2004,"AK","Safe R","President",FALSE,0
"1657",2004,"AZ","Likely R","President",FALSE,0
"1658",2004,"AR","Leans R","President",FALSE,0
"1659",2004,"CA","Safe D","President",FALSE,0
"1660",2004,"CO","Leans R","President",FALSE,0
"1661",2004,"CT","Safe D","President",FALSE,0
"1662",2004,"DE","Safe D","President",FALSE,0
"1663",2004,"DC","Safe D","President",FALSE,0
"1664",2004,"FL","Leans D","President",FALSE,0
"1665",2004,"GA","Safe R","President",FALSE,0
"1666",2004,"HI","Leans D","President",FALSE,0
"1667",2004,"ID","Safe R","President",FALSE,0
"1668",2004,"IL","Safe D","President",FALSE,0
"1669",2004,"IN","Safe R","President",FALSE,0
"1670",2004,"IA","Leans R","President",FALSE,0
"1671",2004,"KS","Safe R","President",FALSE,0
"1672",2004,"KY","Safe R","President",FALSE,0
"1673",2004,"LA","Safe R","President",FALSE,0
"1674",2004,"ME","Safe D","President",FALSE,0
"1675",2004,"MD","Safe D","President",FALSE,0
"1676",2004,"MA","Safe D","President",FALSE,0
"1677",2004,"MI","Leans D","President",FALSE,0
"1678",2004,"MN","Leans D","President",FALSE,0
"1679",2004,"MS","Safe R","President",FALSE,0
"1680",2004,"MO","Likely R","President",FALSE,0
"1681",2004,"MT","Safe R","President",FALSE,0
"1682",2004,"NE","Safe R","President",FALSE,0
"1683",2004,"NV","Leans R","President",FALSE,0
"1684",2004,"NH","Leans D","President",FALSE,0
"1685",2004,"NJ","Leans D","President",FALSE,0
"1686",2004,"NM","Leans R","President",FALSE,0
"1687",2004,"NY","Safe D","President",FALSE,0
"1688",2004,"NC","Likely R","President",FALSE,0
"1689",2004,"ND","Safe R","President",FALSE,0
"1690",2004,"OH","Leans R","President",FALSE,0
"1691",2004,"OK","Safe R","President",FALSE,0
"1692",2004,"OR","Leans D","President",FALSE,0
"1693",2004,"PA","Leans D","President",FALSE,0
"1694",2004,"RI","Safe D","President",FALSE,0
"1695",2004,"SC","Safe R","President",FALSE,0
"1696",2004,"SD","Safe R","President",FALSE,0
"1697",2004,"TN","Safe R","President",FALSE,0
"1698",2004,"TX","Safe R","President",FALSE,0
"1699",2004,"UT","Safe R","President",FALSE,0
"1700",2004,"VT","Safe D","President",FALSE,0
"1701",2004,"VA","Safe R","President",FALSE,0
"1702",2004,"WA","Leans D","President",FALSE,0
"1703",2004,"WV","Leans R","President",FALSE,0
"1704",2004,"WI","Leans R","President",FALSE,0
"1705",2004,"WY","Safe R","President",FALSE,0
"1706",2008,"AL","Safe R","President",FALSE,0
"1707",2008,"AK","Safe R","President",FALSE,0
"1708",2008,"AZ","Safe R","President",FALSE,0
"1709",2008,"AR","Likely R","President",FALSE,0
"1710",2008,"CA","Safe D","President",FALSE,0
"1711",2008,"CO","Leans D","President",FALSE,0
"1712",2008,"CT","Safe D","President",FALSE,0
"1713",2008,"DE","Safe D","President",FALSE,0
"1714",2008,"DC","Safe D","President",FALSE,0
"1715",2008,"FL","Leans D","President",FALSE,0
"1716",2008,"GA","Likely R","President",FALSE,0
"1717",2008,"HI","Safe D","President",FALSE,0
"1718",2008,"ID","Safe R","President",FALSE,0
"1719",2008,"IL","Safe D","President",FALSE,0
"1720",2008,"IN","Leans R","President",FALSE,0
"1721",2008,"IA","Safe D","President",FALSE,0
"1722",2008,"KS","Safe R","President",FALSE,0
"1723",2008,"KY","Safe R","President",FALSE,0
"1724",2008,"LA","Likely R","President",FALSE,0
"1725",2008,"ME","Safe D","President",FALSE,0
"1726",2008,"MD","Safe D","President",FALSE,0
"1727",2008,"MA","Safe D","President",FALSE,0
"1728",2008,"MI","Likely D","President",FALSE,0
"1729",2008,"MN","Likely D","President",FALSE,0
"1730",2008,"MS","Safe R","President",FALSE,0
"1731",2008,"MO","Leans D","President",FALSE,0
"1732",2008,"MT","Leans R","President",FALSE,0
"1733",2008,"NE","Safe R","President",FALSE,0
"1734",2008,"NV","Leans D","President",FALSE,0
"1735",2008,"NH","Leans D","President",FALSE,0
"1736",2008,"NJ","Safe D","President",FALSE,0
"1737",2008,"NM","Likely D","President",FALSE,0
"1738",2008,"NY","Safe D","President",FALSE,0
"1739",2008,"NC","Leans D","President",FALSE,0
"1740",2008,"ND","Leans R","President",FALSE,0
"1741",2008,"OH","Leans D","President",FALSE,0
"1742",2008,"OK","Safe R","President",FALSE,0
"1743",2008,"OR","Likely D","President",FALSE,0
"1744",2008,"PA","Leans D","President",FALSE,0
"1745",2008,"RI","Safe D","President",FALSE,0
"1746",2008,"SC","Safe R","President",FALSE,0
"1747",2008,"SD","Safe R","President",FALSE,0
"1748",2008,"TN","Safe R","President",FALSE,0
"1749",2008,"TX","Safe R","President",FALSE,0
"1750",2008,"UT","Safe R","President",FALSE,0
"1751",2008,"VT","Safe D","President",FALSE,0
"1752",2008,"VA","Leans D","President",FALSE,0
"1753",2008,"WA","Safe D","President",FALSE,0
"1754",2008,"WV","Leans R","President",FALSE,0
"1755",2008,"WI","Leans D","President",FALSE,0
"1756",2008,"WY","Safe R","President",FALSE,0
"1757",2012,"AL","Safe R","President",FALSE,0
"1758",2012,"AK","Safe R","President",FALSE,0
"1759",2012,"AZ","Safe R","President",FALSE,0
"1760",2012,"AR","Safe R","President",FALSE,0
"1761",2012,"CA","Safe D","President",FALSE,0
"1762",2012,"CO","Leans D","President",FALSE,0
"1763",2012,"CT","Safe D","President",FALSE,0
"1764",2012,"DE","Safe D","President",FALSE,0
"1765",2012,"DC","Safe D","President",FALSE,0
"1766",2012,"FL","Leans R","President",FALSE,0
"1767",2012,"GA","Likely R","President",FALSE,0
"1768",2012,"HI","Safe D","President",FALSE,0
"1769",2012,"ID","Safe R","President",FALSE,0
"1770",2012,"IL","Safe D","President",FALSE,0
"1771",2012,"IN","Safe R","President",FALSE,0
"1772",2012,"IA","Leans D","President",FALSE,0
"1773",2012,"KS","Safe R","President",FALSE,0
"1774",2012,"KY","Safe R","President",FALSE,0
"1775",2012,"LA","Safe R","President",FALSE,0
"1776",2012,"ME","Likely D","President",FALSE,0
"1777",2012,"MD","Safe D","President",FALSE,0
"1778",2012,"MA","Safe D","President",FALSE,0
"1779",2012,"MI","Likely D","President",FALSE,0
"1780",2012,"MN","Likely D","President",FALSE,0
"1781",2012,"MS","Safe R","President",FALSE,0
"1782",2012,"MO","Safe R","President",FALSE,0
"1783",2012,"MT","Safe R","President",FALSE,0
"1784",2012,"NE","Safe R","President",FALSE,0
"1785",2012,"NV","Likely D","President",FALSE,0
"1786",2012,"NH","Leans D","President",FALSE,0
"1787",2012,"NJ","Safe D","President",FALSE,0
"1788",2012,"NM","Likely D","President",FALSE,0
"1789",2012,"NY","Safe D","President",FALSE,0
"1790",2012,"NC","Likely R","President",FALSE,0
"1791",2012,"ND","Safe R","President",FALSE,0
"1792",2012,"OH","Toss-up","President",FALSE,0
"1793",2012,"OK","Safe R","President",FALSE,0
"1794",2012,"OR","Likely D","President",FALSE,0
"1795",2012,"PA","Leans D","President",FALSE,0
"1796",2012,"RI","Safe D","President",FALSE,0
"1797",2012,"SC","Safe R","President",FALSE,0
"1798",2012,"SD","Safe R","President",FALSE,0
"1799",2012,"TN","Safe R","President",FALSE,0
"1800",2012,"TX","Safe R","President",FALSE,0
"1801",2012,"UT","Safe R","President",FALSE,0
"1802",2012,"VT","Safe D","President",FALSE,0
"1803",2012,"VA","Leans R","President",FALSE,0
"1804",2012,"WA","Safe D","President",FALSE,0
"1805",2012,"WV","Safe R","President",FALSE,0
"1806",2012,"WI","Leans D","President",FALSE,0
"1807",2012,"WY","Safe R","President",FALSE,0
"1808",2016,"AL","Safe R","President",FALSE,0
"1809",2016,"AK","Likely R","President",FALSE,0
"1810",2016,"AZ","Leans R","President",FALSE,0
"1811",2016,"AR","Safe R","President",FALSE,0
"1812",2016,"CA","Safe D","President",FALSE,0
"1813",2016,"CO","Likely D","President",FALSE,0
"1814",2016,"CT","Safe D","President",FALSE,0
"1815",2016,"DE","Safe D","President",FALSE,0
"1816",2016,"DC","Safe D","President",FALSE,0
"1817",2016,"FL","Leans D","President",FALSE,0
"1818",2016,"GA","Likely R","President",FALSE,0
"1819",2016,"HI","Safe D","President",FALSE,0
"1820",2016,"ID","Safe R","President",FALSE,0
"1821",2016,"IL","Safe D","President",FALSE,0
"1822",2016,"IN","Safe R","President",FALSE,0
"1823",2016,"IA","Leans R","President",FALSE,0
"1824",2016,"KS","Safe R","President",FALSE,0
"1825",2016,"KY","Safe R","President",FALSE,0
"1826",2016,"LA","Safe R","President",FALSE,0
"1827",2016,"ME","Likely D","President",FALSE,0
"1828",2016,"MD","Safe D","President",FALSE,0
"1829",2016,"MA","Safe D","President",FALSE,0
"1830",2016,"MI","Leans D","President",FALSE,0
"1831",2016,"MN","Likely D","President",FALSE,0
"1832",2016,"MS","Safe R","President",FALSE,0
"1833",2016,"MO","Safe R","President",FALSE,0
"1834",2016,"MT","Safe R","President",FALSE,0
"1835",2016,"NE","Safe R","President",FALSE,0
"1836",2016,"NV","Leans D","President",FALSE,0
"1837",2016,"NH","Leans D","President",FALSE,0
"1838",2016,"NJ","Safe D","President",FALSE,0
"1839",2016,"NM","Likely D","President",FALSE,0
"1840",2016,"NY","Safe D","President",FALSE,0
"1841",2016,"NC","Leans D","President",FALSE,0
"1842",2016,"ND","Safe R","President",FALSE,0
"1843",2016,"OH","Leans R","President",FALSE,0
"1844",2016,"OK","Safe R","President",FALSE,0
"1845",2016,"OR","Safe D","President",FALSE,0
"1846",2016,"PA","Leans D","President",FALSE,0
"1847",2016,"RI","Safe D","President",FALSE,0
"1848",2016,"SC","Safe R","President",FALSE,0
"1849",2016,"SD","Safe R","President",FALSE,0
"1850",2016,"TN","Safe R","President",FALSE,0
"1851",2016,"TX","Safe R","President",FALSE,0
"1852",2016,"UT","Leans R","President",FALSE,0
"1853",2016,"VT","Safe D","President",FALSE,0
"1854",2016,"VA","Likely D","President",FALSE,0
"1855",2016,"WA","Safe D","President",FALSE,0
"1856",2016,"WV","Safe R","President",FALSE,0
"1857",2016,"WI","Likely D","President",FALSE,0
"1858",2016,"WY","Safe R","President",FALSE,0
"1859",2020,"AK","Likely R","President",FALSE,0
"1860",2020,"AL","Safe R","President",FALSE,0
"1861",2020,"AR","Safe R","President",FALSE,0
"1862",2020,"AZ","Leans D","President",FALSE,0
"1863",2020,"CA","Safe D","President",FALSE,0
"1864",2020,"CO","Likely D","President",FALSE,0
"1865",2020,"CT","Safe D","President",FALSE,0
"1866",2020,"DE","Safe D","President",FALSE,0
"1867",2020,"FL","Leans R","President",FALSE,0
"1868",2020,"GA","Leans D","President",FALSE,0
"1869",2020,"HI","Safe D","President",FALSE,0
"1870",2020,"IA","Leans R","President",FALSE,0
"1871",2020,"ID","Safe R","President",FALSE,0
"1872",2020,"IL","Leans R","President",FALSE,0
"1873",2020,"IN","Likely R","President",FALSE,0
"1874",2020,"KS","Likely R","President",FALSE,0
"1875",2020,"KY","Safe R","President",FALSE,0
"1876",2020,"LA","Safe R","President",FALSE,0
"1877",2020,"MA","Safe D","President",FALSE,0
"1878",2020,"MD","Safe D","President",FALSE,0
"1879",2020,"ME","Likely D","President",FALSE,0
"1880",2020,"MI","Leans D","President",FALSE,0
"1881",2020,"MN","Likely D","President",FALSE,0
"1882",2020,"MO","Likely R","President",FALSE,0
"1883",2020,"MS","Safe R","President",FALSE,0
"1884",2020,"MT","Likely R","President",FALSE,0
"1885",2020,"NC","Leans D","President",FALSE,0
"1886",2020,"ND","Safe R","President",FALSE,0
"1887",2020,"NE","Safe R","President",FALSE,0
"1888",2020,"NH","Likely D","President",FALSE,0
"1889",2020,"NJ","Safe D","President",FALSE,0
"1890",2020,"NM","Likely D","President",FALSE,0
"1891",2020,"NV","Leans D","President",FALSE,0
"1892",2020,"NY","Safe D","President",FALSE,0
"1893",2020,"OH","Leans R","President",FALSE,0
"1894",2020,"OK","Safe R","President",FALSE,0
"1895",2020,"OR","Safe D","President",FALSE,0
"1896",2020,"PA","Leans D","President",FALSE,0
"1897",2020,"RI","Safe D","President",FALSE,0
"1898",2020,"SC","Likely R","President",FALSE,0
"1899",2020,"SD","Safe R","President",FALSE,0
"1900",2020,"TN","Safe R","President",FALSE,0
"1901",2020,"TX","Leans R","President",FALSE,0
"1902",2020,"UT","Likely R","President",FALSE,0
"1903",2020,"VA","Likely D","President",FALSE,0
"1904",2020,"VT","Safe D","President",FALSE,0
"1905",2020,"WA","Safe D","President",FALSE,0
"1906",2020,"WI","Leans D","President",FALSE,0
"1907",2020,"WV","Safe R","President",FALSE,0
"1908",2020,"WY","Safe R","President",FALSE,0
