State,District,Office_type,R_name,D_name,Unopposed/independent,Incumbent,Incumbent_margin,Sabato,Weird
Alabama,01,House,Barry Moore,Tom Holmes,n/a,TRUE,,Safe R,
Alabama,02,House,"Dick Brewbaker /
Caroleene Dobson","Anthony Daniels /
Shomari Figures",n/a,FALSE,,Likely D,
Alabama,03,House,Mike Rogers,n/a,Unopposed,TRUE,,Safe R,We are not predicting this race since there is no Democratic candidate in this election.
Alabama,04,House,Robert Aderholt,n/a,Unopposed,TRUE,,Safe R,We are not predicting this race since there is no Democratic candidate in this election.
Alabama,05,House,Dale Strong,n/a,Unopposed,TRUE,,Safe R,We are not predicting this race since there is no Democratic candidate in this election.
Alabama,06,House,Gary Palmer,Elizabeth Anderson,n/a,TRUE,,Safe R,
Alabama,07,House,Christian Horn,Terri Sewell,n/a,TRUE,,Safe D,
Alaska,at-large,House,"Nick Begich III /
Nancy Dahlstrom",Mary Peltola,n/a,TRUE,,Lean D,We are not predicting this race since Alaska uses a ranked choice voting system.
Arizona,01,House,"David Schweikert /
Paul Burton","Andrei Cherny /
Marlene Galán-Woods /
Robert Glasgow
Andrew Horne /
Kurt Kroemer /
Cody Newman /
Conor O'Callaghan /
Amish Shah /
John Williamson","Bryce Beckstrom /
Sarah Wharton",TRUE,,Tossup,
Arizona,02,House,Eli Crane,Jonathan Nez,David Bies,TRUE,,Safe R,
Arizona,03,House,"Jeff Zink /
Jesus Mendoza","Yassamin Ansari /
Héctor Jaramillo /
Raquel Terán /
Duane Wooten",Candace Cunningham,FALSE,,Safe D,
Arizona,04,House,"Kelly Cooper /
Dave Giles /
Zuhdi Jasser /
Jerone Davison",Greg Stanton,n/a,TRUE,,Safe D,
Arizona,05,House,"Andy Biggs /
Casey Michel",Katrina Schaffner,"Clint Smith /
Evan Olson",TRUE,,Safe R,
Arizona,06,House,"Juan Ciscomani /
Kathleen Winn","Kirsten Engel /
Vieri Tenuta /
Jack O'Donnell",n/a,TRUE,,Lean R,
Arizona,07,House,Daniel Butierez,Raúl Grijalva,n/a,TRUE,,Safe D,
Arizona,08,House,"Trent Franks /
Isiah Gallegos /
Abraham Hamadeh /
Anthony Kern /
Blake Masters /
Ben Toma","Bernadette Greene-Placentia /
Marc Lewis /
Mark Thompson /
Greg Whitten","Jacob Chansley /
Jeremy Spreitzer",FALSE,,Safe R,
Arizona,09,House,Paul Gosar,"Nick Blair /
Brandon Donnelly /
Quacy Smith",n/a,TRUE,,Safe R,
Arkansas,01,House,Rick Crawford,Rodney Govens,n/a,TRUE,,Safe R,
Arkansas,02,House,French Hill,Marcus Jones,n/a,TRUE,,Safe R,
Arkansas,03,House,Steve Womack,Caitlin Draper,n/a,TRUE,,Safe R,
Arkansas,04,House,Bruce Westerman,Risie Howard,n/a,TRUE,,Safe R,
California,01,House,Doug LaMalfa,Rose Yee,n/a,TRUE,,Safe R,
California,02,House,Chris Coulombe,Jared Huffman,n/a,TRUE,,Safe D,
California,03,House,Kevin Kiley,Jessica Morse,n/a,TRUE,,Likely R,
California,04,House,John Munn,Mike Thompson,n/a,TRUE,,Safe D,
California,05,House,Tom McClintock,Mike Barkley,n/a,TRUE,,Safe R,
California,06,House,Chris Bish,Ami Bera,n/a,TRUE,,Safe D,
California,07,House,Tom Silva,Doris Matsui,n/a,TRUE,,Safe D,
California,08,House,Rudy Recile,John Garamendi,n/a,TRUE,,Safe D,
California,09,House,Kevin Lincoln,Josh Harder,n/a,TRUE,,Likely D,
California,10,House,Katherine Piccinini,Mark DeSaulnier,n/a,TRUE,,Safe D,
California,11,House,Bruce Lou,Nancy Pelosi,n/a,TRUE,,Safe D,
California ,12,House,n/a,"Lateefah Simon /
Jennifer Tran",n/a,FALSE,,Safe D,We are not predicting this race since there is no Republican candidate.
California,13,House,John Duarte,Adam Gray,n/a,TRUE,,Tossup,
California,14,House,Vin Kruttiventi,Eric Swalwell,n/a,TRUE,,Safe D,
California,15,House,Anna Cheng Kramer,Kevin Mullin,n/a,TRUE,,Safe D,
California,16,House,n/a,"
Sam Liccardo /
Evan Low /
Joe Simitian",n/a,FALSE,,Safe D,We are not predicting this race since there is no Republican candidate.
California,17,House,Anita Chen,Ro Khanna,n/a,TRUE,,Safe D,
California,18,House,Peter Hernandez,Zoe Lofgren,n/a,TRUE,,Safe D,
California,19,House,Jason Anderson,Jimmy Panetta,n/a,TRUE,,Safe D,
California,20,House,"Mike Boudreaux /
Vince Fong",n/a,n/a,FALSE,,Safe R,We are not predicting this race since there is no Democratic candidate in this election.
California,21,House,Michael Maher,Jim Costa,n/a,TRUE,,Safe D,
California,22,House,David Valadao,Rudy Salas,n/a,TRUE,,Tossup,
California,23,House,Jay Obernolte,Derek Marshall,n/a,TRUE,,Safe R,
California,24,House,Thomas Cole,Salud Carbajal,n/a,TRUE,,Safe D,
California,25,House,Ian Weeks,Raul Ruiz,n/a,TRUE,,Safe D,
California,26,House,Michael Koslow,Julia Brownley,n/a,TRUE,,Safe D,
California,27,House,Mike Garcia,George Whitesides,n/a,TRUE,,Tossup,
California,28,House,April Verlato,Judy Chu,n/a,TRUE,,Safe D,
California,29,House,Benito Bernal,Luz Rivas,n/a,FALSE,,Safe D,
California,30,House,Alex Balekian,Laura Friedman,n/a,FALSE,,Safe D,
California,31,House,Daniel Martinez,Gil Cisneros,n/a,FALSE,,Safe D,
California,32,House,Larry Thompson,Brad Sherman,n/a,TRUE,,Safe D,
California ,33,House,Tom Herman,Pete Aguilar,n/a,TRUE,,Safe D,
California,34,House,n/a,"Jimmy Gomez /
David Kim",n/a,TRUE,,Safe D,We are not predicting this race since there is no Republican candidate.
California,35,House,Mike Cargile,Norma Torres,n/a,TRUE,,Safe D,
California,36,House,Melissa Toomim,Ted Lieu,n/a,TRUE,,Safe D,
California,37,House,n/a,Sydney Kamlager-Dove,Juan Rey,TRUE,,Safe D,We are not predicting this race since there is no Republican candidate.
California,38,House,Eric Ching,Linda Sánchez,n/a,TRUE,,Safe D,
California ,39,House,David Serpa,Mark Takano,n/a,TRUE,,Safe D,
California,40,House,Young Kim,Joe Kerr,n/a,TRUE,,Likely R,
California,41,House,Ken Calvert,Will Rollins,n/a,TRUE,,Lean R,
California,42,House,John Briscoe,Robert Garcia,n/a,TRUE,,Safe D,
California,43,House,Steve Williams,Maxine Waters,n/a,TRUE,,Safe D,
California,44,House,Roger Groh,Nanette Barragán,n/a,TRUE,,Safe D,
California,45,House,Michelle Steel,Derek Tran,n/a,TRUE,,Lean R,
California,46,House,David Pan,Lou Correa,n/a,TRUE,,Safe D,
California,47,House,Scott Baugh,Dave Min,n/a,FALSE,,Tossup,
California,48,House,Darrell Issa,Stephen Houlahan,n/a,TRUE,,Safe R,
California,49,House,Matt Gunderson,Mike Levin,n/a,TRUE,,Likely D,
California,50,House,Peter Bono,Scott Peters,n/a,TRUE,,Safe D,
California,51,House,Bill Wells,Sara Jacobs,n/a,TRUE,,Safe D,
California,52,House,Justin Lee,Juan Vargas,n/a,TRUE,,Safe D,
Colorado,01,House,Valdamar Archuleta,Diana DeGette,Dom Waters,TRUE,,Safe D,
Colorado,02,House,Marshall Dawson,"Joe Neguse /
Bernard Coleman",n/a,TRUE,,Safe D,
Colorado,03,House,"Russ Andrews /
Ron Hanks /
Jeffrey Hurd /
Curtis McCrackin /
David Karpas /
Stephen Varela /
Austin O'Connell","Adam Frisch /
Anna Stout","Mark Elworth Jr. /
Gary Swing /
James Wiley /
Adam Withrow",FALSE,,Lean R,
Colorado,04,House,"Mariel Bailey /
Lauren Boebert /
Deborah Flora /
Richard Holtorf /
Trent Leisy /
Mike Lynch /
Chris Phelen /
Justin Schreiber /
Jerry Sonnenberg /
Peter Yu","Karen Breslin /
Trisha Calvarese /
Ike McCorkle /
John Padora /
Anil Saxena",Douglas Mangeris,FALSE,,Safe R,
Colorado,05,House,"Jeff Crank /
Bob Gardner /
Joshua Griffin /
Dave Williams /
Cory Parella /
Rose Pugliese","Orlondo Avion /
John Edgar /
River Gassen /
Joseph O. Gaye /
Adam Gillard","Christopher Mitchell /
Katrina Nguyen /
Calil Yarbrough",FALSE,,Likely R,
Colorado,06,House,"John Fabbricatore /
Khaleb Dammen",Jason Crow,n/a,TRUE,,Safe D,
Colorado,07,House,"James Hemenway /
Tom Silva",Brittany Petersen,"Morgan Law /
Ron Tupa",TRUE,,Safe D,
Colorado,08,House,"Joe Andujo /
Gabe Evans /
Scott James /
Janak Joshi",Yadira Caraveo,"Larry Johnson /
Matthew Payette",TRUE,,Lean D,
Connecticut,01,House,Mark Hancock,John Larson,Nicholas Symochko,TRUE,,Safe D,
Connecticut,02,House,Mike France,Joe Courtney,n/a,TRUE,,Safe D,
Connecticut,03,House,"Rafael Irizarry /
Michael Massey",Rosa DeLauro,n/a,TRUE,,Safe D,
Connecticut,04,House,"Bob MacGuffie /
Michael Goldstein /
Daniel Miressi",Jim Himes,Jaden Skudlarek,TRUE,,Safe D,
Connecticut,05,House,"Michelle Botelho /
George Logan",Jahana Hayes,n/a,TRUE,,Lean D,
Delaware,at-large,House,Donyale Hall,"Colleen Davis /
Sarah McBride /
Eugene Young /
Alexander Geise /
Curtis Aiken III",n/a,FALSE,,Safe D,
Florida,01,House,"Matt Gaetz /
Todd Jennings /
William McPhilliips",Gay Valimont,n/a,TRUE,,Safe R,
Florida,02,House,"Neal Dunn /
Willie Jefferson Anderson",Meghann Hovey,n/a,TRUE,,Safe R,
Florida,03,House,Kat Cammack,Tom Wells,Anthony Stebbins,TRUE,,Safe R,
Florida,04,House,Aaron Bean,LaShonda Holloway,n/a,TRUE,,Safe R,
Florida,05,House,n/a,n/a,n/a,TRUE,,Safe R,
Florida,06,House,"Michael Waltz /
Stephanie Gaddis /
Mathias Lenssen",James Stockton,n/a,TRUE,,Safe R,
Florida,07,House,"Derrick Brantley /
Cory Mills","Allek Pastrana /
Jennifer Adams /
Tatiana Fernandez",n/a,TRUE,,Safe R,
Florida,08,House,"John Hearton /
Bill Posey /
Joseph Babits /
Brian Jones",Dan McDow,n/a,TRUE,,Safe R,
Florida,09,House,"Angel Coba /
John Quiñones /
Jose Castillo /
Lateresa Jones /
Adianis Morales /
Angel Rivera",Darren Soto,n/a,TRUE,,Safe D,
Florida,10,House,"Willie Montague /
Tuan Le /
Sam Williams","Maxwell Frost /
Wade Darius /
Vibert White",n/a,TRUE,,Safe D,
Florida,11,House,"John McCloy /
Anthony Sabatini /
Daniel Webster",Barbie Hall,Ralph Groves,TRUE,,Safe R,
Florida,12,House,"Gus Bilirakis /
James Judge /
Jack Martin",Rock Aboujaoude Jr.,n/a,TRUE,,Safe R,
Florida,13,House,Anna Paulina Luna,"Whitney Fox /
John Liccione /
Peter Owen /
Mark Weinkrantz",n/a,TRUE,,Likely R,
Florida,14,House,"Renee Marsella /
John Peters /
Neelam Taneja Perry /
Robert Rochford /
Amaro Lionheart",Kathy Castor,n/a,TRUE,,Safe D,
Florida,15,House,Laurel Lee,Kris Fitzgerald,Alexander Peterson,TRUE,,Safe R,
Florida,16,House,"Eddie Speir /
Vern Buchanan",Jan Schneider,n/a,TRUE,,Safe R,
Florida,17,House,Greg Steube,"Andrea Doria Kale /
Manny Lopez /
Matthew Montavon",n/a,TRUE,,Safe R,
Florida,18,House,Scott Franklin,"Peter Braunston /
Andrea Doria Kale",John Richardson,TRUE,,Safe R,
Florida,19,House,Byron Donalds,Kari Lerner,n/a,TRUE,,Safe R,
Florida,20,House,n/a,Sheila Cherfilus-McCormick,Unopposed,TRUE,,Safe D,We are not predicting this race since there is no Republican candidate.
Florida,21,House,"Brian Mast /
Ljubo Skrbic",Thomas Witkop,n/a,TRUE,,Safe R,
Florida,22,House,"Deborah Adeimy /
Dan Franzese /
Andrew Gutmann /
D.B. Fugate","Lois Frankel /
Dean Halper",n/a,TRUE,,Safe D,
Florida,23,House,"Gary Barve /
Rafael Ortiz /
Joe Thelusca /
Robert Weinroth /
Steve Chess",Jared Moskowitz,n/a,TRUE,,Safe D,
Florida,24,House,"Patricia Gonzalez /
Lavern Spicer /
Jesus G. Navarro",Frederica Wilson,n/a,TRUE,,Safe D,
Florida,25,House,Carla Spalding,Debbie Wasserman Schultz,n/a,TRUE,,Safe D,
Florida,26,House,"Mario Díaz-Balart /
Ian Medina",Joey Atkins,n/a,TRUE,,Safe R,
Florida,27,House,"Royland Lara /
Maria Elvira Salazar /
Michael Arias",Lucia Báez-Geller,n/a,TRUE,,Likely R,
Florida,28,House,Carlos Gimenez,"Phil Ehr /
Marcos Reyes",n/a,TRUE,,Safe R,
Georgia,01,House,Buddy Carter,Patti Hewitt,Nicholas Brookins,TRUE,,Safe R,
Georgia,02,House,"Chuck Hand /
Michael Nixon /
Tracy Taylor /
Wayne Johnson",Sanford Bishop,"Uloma Ekpete /
David Gregors /
Colleen Massey",TRUE,,Safe D,
Georgia,03,House,"Jim Bennett /
Michael Corbin /
Mike Crane /
Mike Dugan /
David Jenkins /
Philip Singleton",Maura Keller,n/a,FALSE,,Safe R,
Georgia,04,House,Eugene Yu,Hank Johnson,n/a,TRUE,,Safe D,
Georgia,05,House,John Salvesen,Nikema Williams,n/a,TRUE,,Safe D,
Georgia,06,House,Jeff Criswell,"Brian Hopkins /
Lucy McBath /
Jerica Richardson",n/a,TRUE,,Safe D,
Georgia,07,House,"
Rich McCormick /
Eugene Yu","Shelly Abraham /
Chris Capparell /
Bob Christian /
Brandon Miller /",Charles King,TRUE,,Safe R,
Georgia,08,House,Austin Scott,"Justin Laster /
Vinson Watkins",n/a,TRUE,,Safe R,
Georgia,09,House,Andrew Clyde,Tambrei Cash,n/a,TRUE,,Safe R,
Georgia,10,House,Mike Collins,Lexy Doherty,n/a,TRUE,,Safe R,
Georgia,11,House,Barry Loudermilk,Antonio Daza,n/a,TRUE,,Safe R,
Georgia,12,House,Rick Allen,"Daniel Jackson /
Rashaad Jones /
Liz Johnson /
Dennis Myers",n/a,TRUE,,Safe R,
Georgia,13,House,n/a,"David Scott /
Octavia Coleman",Uloma Ekpete,TRUE,,Safe D,
Georgia,14,House,Marjorie Taylor Greene,"Shawn Harris /
Clarence Blalock /
Deric Houston /
Joseph Leigh",n/a,TRUE,,Safe R,
Hawaii,01,House,Patrick Largey,Ed Case,n/a,TRUE,,Safe D,
Hawaii,02,House,n/a,Jill Tokuda,Unopposed,TRUE,,Safe D,We are not predicting this race since there is no Republican candidate.
Idaho,01,House,Russ Fulcher,Kaylee Peterson,n/a,TRUE,,Safe R,
Idaho,02,House,"Mike Simpson /
Scott Cleveland /
Sean Higgins","David Roth /
Richard Grayson",n/a,TRUE,,Safe R,
Illinois,01,House,"Montelle Gaji /
Marcus Lewis",Jonathan Jackson,n/a,TRUE,,Safe D,
Illinois,02,House,Ashley Ramos,Robin Kelly,n/a,TRUE,,Safe D,
Illinois,03,House,John Booras,Delia Ramirez,n/a,TRUE,,Safe D,
Illinois,04,House,n/a,Chuy García,Unopposed,TRUE,,Safe D,We are not predicting this race since there is no Republican candidate.
Illinois,05,House,Tom Hanson,"Mike Quigley /
Jerico Matias Cruz",n/a,TRUE,,Safe D,
Illinois,06,House,Niki Conforti,"Sean Casten /
Mahnoor Ahmad /
Charles Hughes",n/a,TRUE,,Safe D,
Illinois,07,House,Chad Koppie,"Danny K. Davis /
Nikhil Bhatia /
Kina Collins /
Melissa Conyears-Ervin /
Kouri Marshall",n/a,TRUE,,Safe D,
Illinois,08,House,Mark Rice,Raja Krishnamoorthi,Jorge Briseno,TRUE,,Safe D,
Illinois,09,House,n/a,Jan Schakowsky,Unopposed,TRUE,,Safe D,We are not predicting this race since there is no Republican candidate.
Illinois,10,House,Jim Carris,Brad Schneider,"Austin Mink /
Joseph Severino",TRUE,,Safe D,
Illinois,11,House,"Jerry Evans /
Susan Hathaway-Altman /
Kent Mercado","Bill Foster /
Qasim Rashid",n/a,TRUE,,Safe D,
Illinois,12,House,"Mike Bost /
Darren Bailey","Preston Nelson /
Brian Roberts",n/a,TRUE,,Safe R,
Illinois,13,House,"Thomas Clatterbuck /
Joshua Loyd",Nikki Budzinski,n/a,TRUE,,Safe D,
Illinois,14,House,"Charlie Kim /
James Marter",Lauren Underwood,n/a,TRUE,,Safe D,
Illinois,15,House,Mary Miller,n/a,Unopposed,TRUE,,Safe R,We are not predicting this race since there is no Democratic candidate in this election.
Illinois,16,House,Darin LaHood,n/a,Unopposed,TRUE,,Safe R,We are not predicting this race since there is no Democratic candidate in this election.
Illinois,17,House,"Scott Crowl /
Joseh G. McGraw",Eric Sorensen,n/a,TRUE,,Lean D,
Indiana,01,House,"Mark Leyva /
Martin Lucas /
Randell Niemeyer /
David Ben Ruiz",Frank Mrvan,"Jason Brown /
Tiffany Ford /
Samuel Kravitz",TRUE,,Lean D,
Indiana,02,House,Rudy Yakym,Lori Camp,Cameron Beamon,TRUE,,Safe R,
Indiana,03,House,"Grant Bucher /
Wendy Davis /
Michael Felker /
Jon Kenworthy /
Tim Smith /
Marlin A. Stutzman /
Eric Whalen /
Scott Wise /
Andy Zay","Kiley Adolph /
Jo Anderson /
Phil Goss",n/a,FALSE,,Safe R,
Indiana,04,House,"Jim Baird /
Charles Bookwalter /
Craig Haggard /
Jerry Jones","Rimpi Girn /
Derrick Holder",n/a,TRUE,,Safe R,
Indiana,05,House,"Victoria Spartz /
Jonathan Brown /
Raju Chinthala /
Max Engling /
Scott Goad /
Chuck Goodrich /
Mark Hurt /
Patrick Malayter /
Matthew Peiffer /
Lonnie Powell",Jeremy Lee Edom,n/a,TRUE,,Safe R,
Indiana,06,House,"Erik Benson /
Siddharth Mahant /
Jeff Raatz /
Mike Speedy",Cynthia Wirth,n/a,FALSE,,Safe R,
Indiana,07,House,Gabriel Whitley,André Carson,Rusty Johnson,TRUE,,Safe D,
Indiana,08,House,"Mark Messmer /
Richard Moss","Erik Hurt /
Kellie Moore",n/a,FALSE,,Safe R,
Indiana,09,House,"Erin Houchin /
Hugh Doty","Aaron Cole /
D. Liam Dorris /
Timothy Peck",n/a,TRUE,,Safe R,
Iowa,01,House,"Mariannette Miller-Meeks /
David Pautsch",Christina Bohannan,n/a,TRUE,,Likely R,
Iowa,02,House,"Ashley Hinson /
Stephen Kephart","Sarah Corkery /
Jacob Wieland",n/a,TRUE,,Safe R,
Iowa,03,House,Zach Nunn,"Lanon Baccam /
Melissa Vine",n/a,TRUE,,Lean R,
Iowa,04,House,"Randy Feenstra /
Kevin Virgil","Jay Brown /
Ryan Melton",n/a,TRUE,,Safe R,
Kansas,01,House,Tracey Mann,Paul Buskirk,n/a,TRUE,,Safe R,
Kansas,02,House,,"Joseph Swain /
Eli Woody IV",n/a,TRUE,,Safe R,
Kansas,03,House,"Karen Crnkovich /
Prasanth Reddy /
Jonathon Westbrook",Sharice Davids,n/a,TRUE,,Likely D,
Kansas,04,House,Ron Estes,"Esau Freeman /
Michael Soetaert",n/a,TRUE,,Safe R,
Kentucky,01,House,James Corner Jr.,Erin Marshall,n/a,TRUE,,Safe R,
Kentucky,02,House,Brett Guthrie,"William Compton /
Hank Linderman",n/a,TRUE,,Safe R,
Kentucky,03,House,"Mike Craven /
Denny Ormerod","Morgan McGarvey /
Jared Randall /
Geoff M. Young",n/a,TRUE,,Safe D,
Kentucky,04,House,"Thomas Massie /
Eric Deters /
Michael McGinnis",n/a,Unopposed,TRUE,,Safe R,We are not predicting this race since there is no Democratic candidate in this election.
Kentucky,05,House,"Hal Rogers /
Dana Edwards /
David Kraftchak /
Brandon Monhollen",n/a,Unopposed,TRUE,,Safe R,We are not predicting this race since there is no Democratic candidate in this election.
Kentucky,06,House,Andy Barr,"Randy Cravens /
Todd Kelly /
Don B. Pratt /
Jonathan Richardson /
Shauna Rudd",n/a,TRUE,,Safe R,
Louisiana,01,House,Steve Scalise,Mel Manuel,n/a,TRUE,,Safe R,"We are not predicting this race since Louisiana uses a ""jungle primary"" system, where the top two candidates advance to the general election regardless of party affiliation."
Louisiana,02,House,n/a,Troy Carter,Unopposed,TRUE,,Safe D,"We are not predicting this race since Louisiana uses a ""jungle primary"" system, where the top two candidates advance to the general election regardless of party affiliation."
Louisiana,03,House,"Clay Higgins /
Xan John",n/a,Unopposed,TRUE,,Safe R,"We are not predicting this race since Louisiana uses a ""jungle primary"" system, where the top two candidates advance to the general election regardless of party affiliation."
Louisiana,04,House,Mike Johnson,n/a,Unopposed,TRUE,,Safe R,"We are not predicting this race since Louisiana uses a ""jungle primary"" system, where the top two candidates advance to the general election regardless of party affiliation."
Louisiana,05,House,"Julia Letlow /
Dany Kitishian",n/a,Rivule Sykes,TRUE,,Safe R,"We are not predicting this race since Louisiana uses a ""jungle primary"" system, where the top two candidates advance to the general election regardless of party affiliation."
Louisiana,06,House,Garret Graves,Cleo Fields,n/a,TRUE,,Safe D,"We are not predicting this race since Louisiana uses a ""jungle primary"" system, where the top two candidates advance to the general election regardless of party affiliation."
Maine,01,House,"Andrew Piantidosi /
Ronald Russell",Chellie Pingree,Elias Bassile,TRUE,,Safe D,
Maine,02,House,"Michael Soboleski /
Austin Theriault",Jared Golden,Kevin Ball,TRUE,,Tossup,
Maryland,01,House,"Andrew Harris /
Christopher Bruneau","Blessing Oluwadare /
Isaac Toyos",Christen Johnson,TRUE,,Safe R,
Maryland,02,House,Dave Wallace,"
Harry Bhandari /
Bryan Moore /
John Olszewski Jr.",n/a,FALSE,,Safe D,
Maryland,03,House,"Bernard Flowers /
Jordan Mayo /
Rob Steinberger","John Sarbanes /
Mark S. Chang /
Michael Coburn /
Abigail Diehl /
Juan Dominguez /
Lindsay Donahue /
Harry Dunn /
Sarah Elfreth /
Terri L. Hill /
Aisha Khan /
Clarence Lam /
Kristin Lyman Nabors /
John Morse /
Don Quinn /
Mike Rogers",n/a,FALSE,,Safe D,
Maryland,04,House,George McDermott,"Glenn Ivey /
Elijah Coker /
Celeste Iroha /
Gabriel Njinimbot",n/a,TRUE,,Safe D,
Maryland,05,House,Michelle Talkington,"Steny Hoyer /
Quincy Bareebe /
Andrea Crooms /
Joey Thompson /
Mckayla Wilkes",n/a,TRUE,,Safe D,
Maryland,06,House,"Heath Barnes /
Brenda Thiam /
Tom Royals /
Mariela Roca /
Todd Puglisi /
Neil Parott /
Chris Hyser /
Dan Cox","George Gluck /
Geoffrey Grammer /
Ashwani Jain /
Lesley Lopez /
Tekesha Martinez /
April McClain-Delaney /
Stephen McDow /
Joel Rubin /
Laurie-Ann Sayles /
Joe Vogel /
Destiny West /
Altimont Wilks",n/a,FALSE,,Likely D,
Maryland,07,House,"Scott Collier /
Lorrie Sigley","Kweisi Mfume /
Tashi Davis","Michael Scott /
Michael Sigmon",TRUE,,Safe D,
Maryland,08,House,"Cheryl Riley /
Michael Yadeta",Jamie Raskin,n/a,TRUE,,Safe D,
Massachusetts,01,House,Chase Walker,Richard Neal,"Anthony Celata /
Nadia Milleron",TRUE,,Safe D,
Massachusetts,02,House,Jeffrey Sossa-Paquette,Jim McGovern,n/a,TRUE,,Safe D,
Massachusetts,03,House,Syed Hasan,"Lori Trahan /
Miranda Tozier-Robbins",n/a,TRUE,,Safe D,
Massachusetts,04,House,n/a,Jake Auchincloss,Unopposed,TRUE,,Safe D,We are not predicting this race since there is no Republican candidate.
Massachusetts,05,House,n/a,Katherine Clark,Unopposed,TRUE,,Safe D,We are not predicting this race since there is no Republican candidate.
Massachusetts,06,House,n/a,Seth Moulton,Unopposed,TRUE,,Safe D,We are not predicting this race since there is no Republican candidate.
Massachusetts,07,House,n/a,Ayanna Pressley,Unopposed,TRUE,,Safe D,We are not predicting this race since there is no Republican candidate.
Massachusetts,08,House,n/a,Stephen Lynch,Unopposed,TRUE,,Safe D,We are not predicting this race since there is no Republican candidate.
Massachusetts,09,House,n/a,Bill Keating,Unopposed,TRUE,,Safe D,We are not predicting this race since there is no Republican candidate.
Michigan,01,House,"Jack Bergman /
Joshua Saul","Callie Barr /
Bob Lorinser",n/a,TRUE,,Safe R,
Michigan,02,House,John Moolenaar,Michael Lynch,n/a,TRUE,,Safe R,
Michigan,03,House,"J. Allen Fiorletta /
Paul Hudson /
Jason Ickes /
Michael Markey Jr.",Hillary Scholten,n/a,TRUE,,Likely D,
Michigan,04,House,Bill Huizenga,"Joseph Alfonso /
Chris Glasser /
Jessica Swartz",n/a,TRUE,,Safe R,
Michigan,05,House,"Tim Walberg /
Bryan Trouten",Libbi Urban,n/a,TRUE,,Safe R,
Michigan,06,House,Heather Smiley,Debbie Dingell,Clyde Shabazz,TRUE,,Safe D,
Michigan,07,House,Tom Barrett,Curtis Hertel,n/a,FALSE,,Tossup,
Michigan,08,House,"Martin Blank /
Anthony Hudson /
Paul Junge","Daniel Moilanen /
Sheldon Neeley /
Pamela Pugh /
Kristen McDonald Rivet",n/a,FALSE,,Tossup,
Michigan,09,House,"Lisa McClain /
Jeffrey Jowske",Clinton St Mosley,n/a,TRUE,,Safe R,
Michigan,10,House,John James,"Emily Busch /
Brian Steven Jaye /
Anil Kumar /
Carl Marlinga /
Rhonda Powell /
Tiffany Tilley /
Diane Young",n/a,TRUE,,Lean R,
Michigan,11,House,Charles Frangie,Haley Stevens,n/a,TRUE,,Safe D,
Michigan,12,House,"Hassan Nehme /
Linda Sawyer","Rashida Tlaib /
Royce Kinniebrew",n/a,TRUE,,Safe D,
Michigan,13,House,Martell Bivings,"Shri Thanedar /
Adam Hollier /
Mary Waters",n/a,TRUE,,Safe D,
Minnesota,01,House,Brad Finstad,Rachel Bohman,n/a,TRUE,,Safe R,
Minnesota,02,House,"Mike Murphy /
Tayler Rahm /
Joe Teirab",Angie Craig,n/a,TRUE,,Lean D,
Minnesota,03,House,"Blaize Harty /
Brad Kohler /
James Page /
Quentin Wittrock","Ron Harris /
Kelly Morrison",n/a,FALSE,,Safe D,
Minnesota,04,House,Mike Casey,Betty McCollum,n/a,TRUE,,Safe D,
Minnesota,05,House,Dalia al-Aqidi,"Ilhan Omar /
Sarah Gad /
Tim Peterson /
Don Samuels",Shujaa Tongrit-Green,TRUE,,Safe D,
Minnesota,06,House,Tom Emmer,Austin Winkelman,n/a,TRUE,,Safe R,
Minnesota,07,House,"Steve Boyd /
Michelle Fischbach /
Annette Watson",John Peters,n/a,TRUE,,Safe R,
Minnesota,08,House,Pete Stauber,Jennifer Schultz,n/a,TRUE,,Safe R,
Mississippi,01,House,Trent Kelly,Dianne Black,n/a,TRUE,,Safe R,
Mississippi,02,House,Ronald Eller,Bennie Thompson,n/a,TRUE,,Safe D,
Mississippi,03,House,Michael Guest,n/a,Unopposed,TRUE,,Safe R,We are not predicting this race since there is no Democratic candidate in this election.
Mississippi,04,House,Mike Ezell,Craig Raybon,n/a,TRUE,,Safe R,
Missouri,01,House,"Andrew Jones Jr. /
Timothy Gartin /
Stan Hall /
Michael Hebron Sr. /
Laura Mitchell-Riley","Cori Bush /
Wesley Bell /
Maria Chappelle-Nadal /
Ron Harshaw",Rochelle Riggins,TRUE,,Safe D,
Missouri,02,House,"Ann Wagner /
Peter Pfeifer","John Kiehne /
Chuck Summers /
Ray Hartmann",Wesley Smith,TRUE,,Safe R,
Missouri,03,House,"Mary Coleman /
Bob Onder /
Brandon Wilkinson /
Bruce Bowman /
Justin Hicks /
Kurt Schaefer /
Kyle Bone /
Chadwick Bicknell
Arnie Dienoff","Andrew Daly /
Jon Karlen /
Andrew Loague /
Bethany Mann",Jordan Rowden,FALSE,,Safe R,
Missouri,04,House,Mark Alford,"Jeanette Cass /
Mike McCaffree",Thomas Holbrook,TRUE,,Safe R,
Missouri,05,House,Sean Smith,Emanuel Cleaver,"John Bowman /
Bill Wayne",TRUE,,Safe D,
Missouri,06,House,"Sam Graves /
Freddie Griffin Jr. /
Brandon Kleinmeyer /
Weldon Woodward","Erik Richardson /
Rich Gold /
Pam May",n/a,TRUE,,Safe R,
Missouri,07,House,"Eric Burlison /
John Adair /
Camille Lombardi-Olive /
Audrey Richards",Missi Hesketh,"Natalie Faucett /
Kevin Craig",TRUE,,Safe R,
Missouri,08,House,"Jason Smith /
James Snider /
Grant Heithold","Randi McCallian /
Franklin Delano Roth II",Jake Dawson,TRUE,,Safe R,
Montana,01,House,"Ryan Zinke /
Cory Moran",Monica Tranel,n/a,TRUE,,Lean R,
Montana,02,House,"Elsie Arntzen /
Kenneth Bogner /
Troy Downing /
Ric Holden /
Joel Krautter /
Edward Walker /
Stacy Zinn","Ming Cabrera /
Kevin Hamm",n/a,FALSE,,Safe R,
Nebraska,01,House,"Mike Flood /
Ava Solomon",Carol Blood,Ava Solomon,TRUE,,Safe R,
Nebraska,02,House,"Don Bacon /
Dan Frei",Tony Vargas,n/a,TRUE,,Tossup,
Nebraska,03,House,"Adrian Smith /
Robert McCuiston /
John Walz","Daniel Ebers /
David Else",n/a,TRUE,,Safe R,
Nevada,01,House,"Michael Boris /
Flemming Larsen /
Ronald Quince /
Mark Robertson",Dina Titus,n/a,TRUE,,Likely D,
Nevada,02,House,"Mark Amodei /
Aaron Kifle",n/a,Unopposed,TRUE,,Safe R,We are not predicting this race since there is no Democratic candidate in this election.
Nevada,03,House,"Elizabeth Helgelien /
Drew Johnson /
Steve London /
Brian Nadell /
Steve Schiffman /
Dan Schwartz",Susie Lee,n/a,TRUE,,Likely D,
Nevada,04,House,"David Flippo /
Bruce Frazey /
John J. Lee /
Alberto Orozco","Steven Horsford /
Levy Shultz",n/a,TRUE,,Likely D,
New Hampshire,01,House,"Christian Bright /
Jake Frazier /
Hollie Noveletsky /
Russell Prescott",Chris Pappas,n/a,TRUE,,Likely D,
New Hampshire,02,House,"Mark Kilbane /
Jason Riddle /
Lily Williams",Annie Kuster,n/a,TRUE,,Likely D,
New Jersey,01,House,"Damon Galdo /
Nicholas Whitelock",Donald Norcross,Joseph Spataro,TRUE,,Safe D,
New Jersey,02,House,Jeff Van Drew,"Tim Alexander /
Carolyn Rush /
Brandon Saffold /
Joe Salerno",n/a,TRUE,,Safe R,
New Jersey,03,House,"Shirley Maia-Cusick /
Gregory Sobocinski","Joseph Cohn /
Herbert C. Conaway Jr. /
Carol Murphy /
Sarah Schoengood",n/a,FALSE,,Likely D,
New Jersey,04,House,Chris Smith,Pam Daniels,n/a,TRUE,,Safe R,
New Jersey,05,House,Mary Jo Guinchard,Josh Gottheimer,n/a,TRUE,,Safe D,
New Jersey,06,House,"Scott Fegler /
Brian Largey",Frank Pallone Jr.,Justin Maldonado,TRUE,,Safe D,
New Jersey,07,House,Thomas Kean Jr.,Susan Altman,n/a,TRUE,,Lean R,
New Jersey,08,House,Anthony Valdes,"Robert Menendez Jr. /
Ravinder Bhalla /
Kyle Jasey",n/a,TRUE,,Safe D,
New Jersey,09,House,Vincent Micco,"Bill Pascrell /
William Henry",n/a,TRUE,,Safe D,
New Jersey,10,House,Carmen Bucco,Donald Payne Jr.,n/a,TRUE,,Safe D,
New Jersey,11,House,Raafat Barsoom,Mikie Sherrill,n/a,TRUE,,Safe D,
New Jersey,12,House,"Shola Coker /
Darius Mayfield",Bonnie Watson Coleman,n/a,TRUE,,Safe D,
New Mexico,01,House,"Steve Jones /
Louie Sanchez",Melanie Ann Stansbury,n/a,TRUE,,Safe D,
New Mexico,02,House,Yvette Herrell,Gabriel Vasquez,n/a,TRUE,,Lean D,
New Mexico,03,House,Sharon E. Clahchischilliage,Teresa Leger Fernandez,n/a,TRUE,,Safe D,
New York,01,House,Nicholas J. LaLota,"Andy DeCecco /
Saint Jermaine Endeley /
James Gaughran /
Nancy Goroff /
Craig Herskowitz /
Kyle Hill","Patrick Denman /
Daniel Foti /
Jarrett Matthews Adorno",TRUE,,Likely R,
New York,02,House,"Andrew Garbarino /
Shannon Stephens",Rob Lubin,n/a,TRUE,,Safe R,
New York,03,House,"Peter Christofides /
Kellen Curry /
Philip Grillo /
Gregory Hach /
Thomas Ludwig /
Harvey Manes /
Daniel Norber /
Mike Sapraicone /
Jim Toes","Steve Behar /
Austin Cheng /
Scott Livingston /
William Murphy /
Tom Suozzi","Ryan Kalata /
Matthew Nappo /
Jacob Soto",TRUE,,Tossup,
New York,04,House,Anthony D'Esposito,"David Denenberg /
Laura Gillen /
Lawrence Henry /
Gian Jones /
Patricia Maher /
Kevin Thomas",n/a,TRUE,,Tossup,
New York,05,House,"Paul King /
Dwayne Moore",Gregory W. Meeks,n/a,TRUE,,Safe D,
New York,06,House,Joseph Chou,"Grace Meng /
Kimberly Cruz /
Muzib Huq",n/a,TRUE,,Safe D,
New York,07,House,William Kregler,Nydia Velazquez,n/a,TRUE,,Safe D,
New York,08,House,Darrion Stewart,Hakeem Jeffries,n/a,TRUE,,Safe D,
New York,09,House,Joel Anabilah-Azumah,Yvette D. Clarke,n/a,TRUE,,Safe D,
New York,10,House,n/a,"Daniel Goldman /
Bruno Grandsard",Unopposed,TRUE,,Safe D,We are not predicting this race since there is no Republican candidate.
New York,11,House,"Nicole Malliotakis /
Nicholas Robbins",Sarah Blas,n/a,TRUE,,Safe R,
New York,12,House,n/a,Jerrold Nadler,Unopposed,TRUE,,Safe D,We are not predicting this race since there is no Republican candidate.
New York,13,House,n/a,"Adriano Espaillat /
Lindsey Williams",Unopposed,TRUE,,Safe D,We are not predicting this race since there is no Republican candidate.
New York,14,House,"Stefania Brunetiis /
Patrick Delices /
Tina Forte /
Jonathan Rinaldi",Alexandria Ocasio-Cortez,n/a,TRUE,,Safe D,
New York,15,House,n/a,Ritchie Torres,Jose Vega,TRUE,,Safe D,We are not predicting this race since there is no Republican candidate.
New York,16,House,"Madeline Brame /
Chris Wright","Jamaal Bowman /
Marty Dolan /
Michael Gerald /
George Latimer",n/a,TRUE,,Safe D,
New York,17,House,Michael Lawler,"MaryAnn Carr /
Mondaire Jones",n/a,TRUE,,Tossup,
New York,18,House,"Alison Esposito /
Lovelynn Gwinn","Pat Ryan /
Alexander Saulino",n/a,TRUE,,Lean D,
New York,19,House,Marcus Molinaro,"Dan Buttermann /
John Cerullo /
Josh Riley",n/a,TRUE,,Tossup,
New York,20,House,"Alexander Dubois /
Jonathon Locke","Paul Tonko /
Mason Brown /
Emmanuel Jorge-Garcia",n/a,TRUE,,Safe D,
New York,21,House,"Elise Stefanik /
Jill Lochner",Steven Holden,n/a,TRUE,,Safe R,
New York,22,House,Brandon Williams,"Jacob Addington /
Clemmie Harris /
Sarah Klee Hood /
Katelyn Kriesel /
John Mannion",n/a,TRUE,,Tossup,
New York,23,House,Nick Langworthy,Thomas Carle,n/a,TRUE,,Safe R,
New York,24,House,"Claudia Tenney /
Mario Fratto /
Phillip Gioia",David Wagenhauser,n/a,TRUE,,Safe R,
New York,25,House,Gregg Sadwick,Joseph Morelle,n/a,TRUE,,Safe D,
New York,26,House,Anthony Marecki,"Timothy M. Kennedy /
Nate McMurray",n/a,FALSE,,Safe D,
North Carolina,01,House,Laurie Buckhout,Donald Davis,n/a,TRUE,,Tossup,
North Carolina,02,House,Alan Swain,Deborah Ross,n/a,TRUE,,Safe D,
North Carolina,03,House,Gregory Murphy,n/a,Gheorghe Cormos,TRUE,,Safe R,We are not predicting this race since there is no Democratic candidate in this election.
North Carolina,04,House,Eric Blankenburg,Valerie Foushee,Guy Meilleur,TRUE,,Safe D,
North Carolina,05,House,Virginia Foxx,Chuck Hubbard,n/a,TRUE,,Safe R,
North Carolina,06,House,Addison McDowell,n/a,Unopposed,FALSE,,Safe R,We are not predicting this race since there is no Democratic candidate in this election.
North Carolina,07,House,David Rouzer,Marlando Pridgen,n/a,TRUE,,Safe R,
North Carolina,08,House,Mark Harris,Justin Dues,n/a,FALSE,,Safe R,
North Carolina,09,House,Richard Hudson,Nigel Bristow,n/a,TRUE,,Safe R,
North Carolina,10,House,Pat Harrigan,Ralph Scott Jr.,n/a,FALSE,,Safe R,
North Carolina,11,House,Chuck Edwards,Caleb Rudow,n/a,TRUE,,Safe R,
North Carolina,12,House,Addul Ali,Alma Adams,n/a,TRUE,,Safe D,
North Carolina,13,House,"Kelly Daughtry /
Brad Knott",Frank Pierce,n/a,FALSE,,Safe R,
North Carolina,14,House,Timothy K. Moore,Pamela Genant,n/a,FALSE,,Safe R,
North Dakota,at-large,House,"Rick Becker /
Tom Campbell",Trygve Hammer,Richard Grayson,FALSE,,Safe R,
Ohio,01,House,Orlando Sonza,Greg Landsman,n/a,TRUE,,Likely D,
Ohio,02,House,David Taylor,Samantha Meadows,n/a,FALSE,,Safe R,
Ohio,03,House,Michael Young,Joyce Beatty,n/a,TRUE,,Safe D,
Ohio,04,House,Jim Jordan,Tamie Wilson,n/a,TRUE,,Safe R,
Ohio,05,House,Bob Latta,Keith Mundy,n/a,TRUE,,Safe R,
Ohio,06,House,Michael Rulli,Michael Kripchak,William Farms,FALSE,,Safe R,
Ohio,07,House,Max Miller,Matthew Diemer,Dennis Kucinich,TRUE,,Safe R,
Ohio,08,House,Warren Davidson,Vanessa Enoch,n/a,TRUE,,Safe R,
Ohio,09,House,Derek Merrin,Marcy Kaptur,n/a,TRUE,,Lean D,
Ohio,10,House,Michael Turner,Amy Cox,Michael Harbaugh,TRUE,,Safe R,
Ohio,11,House,Alan Rapoport,Shontel Brown,"Tony Evans /
Sean Freeman",TRUE,,Safe D,
Ohio,12,House,Troy Balderson,Jerrad Christian,n/a,TRUE,,Safe R,
Ohio,13,House,Kevin Coughlin,Emilia Sykes,Liam Walker,TRUE,,Tossup,
Ohio,14,House,David Joyce,Brian Kenderes,Maria Jukic,TRUE,,Safe R,
Ohio,15,House,Mike Carey,Adam Miller,n/a,TRUE,,Safe R,
Oklahoma,01,House,Kevin Hern,"Dennis Baker /
Sarah Gray",Mark Sanders,TRUE,,Safe R,
Oklahoma,02,House,Josh Brecheen,Brandon Wade,n/a,TRUE,,Safe R,
Oklahoma,03,House,"Frank Lucas /
Robin Carder /
Darren Hamilton /
Connor Miller",n/a,Unopposed,TRUE,,Safe R,We are not predicting this race since there is no Democratic candidate in this election.
Oklahoma,04,House,Tom Cole,Kody Macaulay,n/a,TRUE,,Safe R,
Oklahoma,05,House,Stephanie Bice,Madison Horn,n/a,TRUE,,Safe R,
Oregon,01,House,Bob Todd,"Suzanne Bonamici /
Jamil Ahmad /
Courtney Casgraux",n/a,TRUE,,Safe D,
Oregon,02,House,"Cliff Bentz /
Jason Beebe","Steve Laible /
Dan Ruby",n/a,TRUE,,Safe R,
Oregon,03,House,"Joanna Harbour /
Gary Dye /
Teresa Orwig","Nolan Bylenga /
Maxine Dexter /
Susheela Jayapal /
Michael Jonas /
Eddy Morales /
Rachel Rand /
Ricky Barajas",n/a,FALSE,,Safe D,
Oregon,04,House,"Monique DeSpain /
Amy Ryan Courser /",Val Hoyle,n/a,TRUE,,Likely D,
Oregon,05,House,Lori Chavez-DeRemer,"Janelle Bynum /
Jamie McLeod-Skinner",Andrew Aasen,TRUE,,Tossup,
Oregon,06,House,"David Burch /
Mike Erickson /
David Russ /
Conrad Herold",Andrea Salinas,n/a,TRUE,,Likely D,
Pennsylvania,01,House,"Brian Fitzpatrick /
Mark Houck /
Quincy Richardson",Ashley Ehasz,n/a,TRUE,,Likely R,
Pennsylvania,02,House,Aaron Bashir,Brendan Boyle,n/a,TRUE,,Safe D,
Pennsylvania,03,House,n/a,"Dwight Evans /
Tracey Gordon",Unopposed,TRUE,,Safe D,We are not predicting this race since there is no Republican candidate.
Pennsylvania,04,House,David Winkler,"Madeleine Dean /
Erik Bonnett",Chuck Keller,TRUE,,Safe D,
Pennsylvania,05,House,Dasha Pruett,Mary Gay Scanlon,n/a,TRUE,,Safe D,
Pennsylvania,06,House,Neil Young,Chrissy Houlahan,n/a,TRUE,,Safe D,
Pennsylvania,07,House,"Kevin Dellicker /
Allen Issa /
Ryan Mackenzie /
Maria Montero","Susan Wild /
Jenna Alwalah",Lewis Shupe,TRUE,,Tossup,
Pennsylvania,08,House,Rob Bresnahan,Matt Cartwright,n/a,TRUE,,Tossup,
Pennsylvania,09,House,Dan Meuser,Amanda Waldman,n/a,TRUE,,Safe R,
Pennsylvania,10,House,"Scott Perry /
John Henry Newman","John Broadhurst /
Rick Coplen /
Shamaine Daniels /
Bob Forbes /
Blake Lynch /
Mike O'Brien /
Janelle Stelson",n/a,TRUE,,Likely R,
Pennsylvania,11,House,"Lloyd Smucker /
Jeffrey Wilder","James Atkinson /
David Baker",n/a,TRUE,,Safe R,
Pennsylvania,12,House,James Hayes,"Summer Lee /
Laurie MacDonald /
Bhavini Patel",n/a,TRUE,,Safe D,
Pennsylvania,13,House,John Joyce,"Beth Farnham / 
Padraic Lee",n/a,TRUE,,Safe R,
Pennsylvania,14,House,"Guy Reschenthaler /
Michael Gess /
George Karpacs","Kenneth Bach /
Christopher Dziados /
Kimberly Felan /
Phillip Vecchio",n/a,TRUE,,Safe R,
Pennsylvania,15,House,Glenn Thompson,Zach Womer,n/a,TRUE,,Safe R,
Pennsylvania,16,House,"Mike Kelly /
Timothy Kramer",Preston Nouri,n/a,TRUE,,Safe R,
Pennsylvania,17,House,"Rob Mercuri /
Jesse Vodvarka",Christopher Deluzio,n/a,TRUE,,Lean D,
Rhode Island,01,House,n/a,Gabe Amo,n/a,TRUE,,Safe D,
Rhode Island,02,House,n/a,Seth Magaziner,n/a,TRUE,,Safe D,
South Carolina,01,House,"Nancy Mace /
Austin Anderson /
Daniel Hanlon /
Catherine Templeton","Mac Deford /
Michael B. Moore",n/a,TRUE,,Safe R,
South Carolina,02,House,Joe Wilson,David Brown,n/a,TRUE,,Safe R,
South Carolina,03,House,"Andrew Adams /
Sheri Biggs /
Philip Healy /
Stewart Jones /
Patrick Orr",Daniel Duncan,"Michael Bedenbaugh /
Elspeth Murday",FALSE,,Safe R,
South Carolina,04,House,"William Timmons /
Adam Morgan",Kathryn Harvey,Dennis Gillan,TRUE,,Safe R,
South Carolina,05,House,Ralph Norman,Evangeline Hundley,Elizabeth Tedder,TRUE,,Safe R,
South Carolina,06,House,"Duke Buckner /
Justin Scott /
Dennis Whiteley",James Clyburn,Justin Ginn,TRUE,,Safe D,
South Carolina,07,House,Russell Fry,Mal Hyman,n/a,TRUE,,Safe R,
South Dakota,at-large,House,"Dusty Johnson /
Justin McNeal","Zach Kovach /
Bert Olson",n/a,TRUE,,Safe R,
Tennessee,01,House,Diana Harshbarger,"Kevin Jenkins /
Bennett Lapides","Richard Baker /
Levi Brake",TRUE,,Safe R,
Tennessee,02,House,Tim Burchett,Jane George,n/a,TRUE,,Safe R,
Tennessee,03,House,Charles J. Fleischmann,Jack Allen,"Jean-Howard Hill /
Stephen King",TRUE,,Safe R,
Tennessee,04,House,"Scott DesJarlais /
Thomas Davis /
Joshua James",Victoria Broderick,"Keith Nolan /
Earnest Ensley",TRUE,,Safe R,
Tennessee,05,House,"Andy Ogles /
Courtney Johnston",Maryam Abolfazli,"Yomi Faparusi /
Jim Larkin /
Bob Titley",TRUE,,Likely R,
Tennessee,06,House,John Rose,"Lore Bergman /
Cyril Focht /
Clay Faircloth",n/a,TRUE,,Safe R,
Tennessee,07,House,Mark Green,Megan Barry,Shaun Greene,FALSE,,Safe R,
Tennessee,08,House,David Kustoff,"Sarah Freeman /
Leonard Perkins /
Lawrence Pivnick /
Lynnette Williams /
Brenda Woods",James Hart,TRUE,,Safe R,
Tennessee,09,House,Charlotte Bergman,"Steve Cohen /
Kasandra Smith /
Corey Strong /
M. LaTroy Williams","Dennis Clark /
Wendell Wells",TRUE,,Safe D,
Texas,01,House,Nathaniel Moran,n/a,Unopposed,TRUE,,Safe R,We are not predicting this race since there is no Democratic candidate in this election.
Texas,02,House,Daniel Crenshaw,Peter Filler,n/a,TRUE,,Safe R,
Texas,03,House,Keith Self,Sandeep Srivastava,n/a,TRUE,,Safe R,
Texas,04,House,Pat Fallon,Simon Cardell,n/a,TRUE,,Safe R,
Texas,05,House,Lance Gooden,Ruth Torres,n/a,TRUE,,Safe R,
Texas,06,House,Jake Ellzey,John Love III,n/a,TRUE,,Safe R,
Texas,07,House,Kenneth Omoruyi,Lizzie Pannill Fletcher,n/a,TRUE,,Safe D,
Texas,08,House,Morgan Luttrell,Laura Jones,n/a,TRUE,,Safe R,
Texas,09,House,n/a,Al Green,Unopposed,TRUE,,Safe D,We are not predicting this race since there is no Republican candidate.
Texas,10,House,Michael McCaul,Theresa Boisseau,n/a,TRUE,,Safe R,
Texas,11,House,August Pfluger,n/a,Wacey Cody,TRUE,,Safe R,We are not predicting this race since there is no Democratic candidate in this election.
Texas,12,House,"Craig Goldman /
John O'Shea",Trey Hunt,n/a,FALSE,,Safe R,
Texas,13,House,Ronny L. Jackson,n/a,Mike Kolls,TRUE,,Safe R,
Texas,14,House,Randy Weber,Rhonda Hart,n/a,TRUE,,Safe R,
Texas,15,House,Vangela Churchill,Michelle Vallejo,n/a,TRUE,,Likely R,
Texas,16,House,Irene Armendariz-Jackson,Veronica Escobar,n/a,TRUE,,Safe D,
Texas,17,House,Pete Sessions,Mark Lorenzen,n/a,TRUE,,Safe R,
Texas,18,House,Lana Centonze,Sheila Jackson Lee,n/a,TRUE,,Safe D,
Texas,19,House,Jodey Arrington,n/a,Bernard Johnson,TRUE,,Safe R,We are not predicting this race since there is no Democratic candidate in this election.
Texas,20,House,n/a,Joaquin Castro,"Pat Dixon /
William Hayward",TRUE,,Safe D,We are not predicting this race since there is no Republican candidate.
Texas,21,House,Chip Roy,Kristin Hook,n/a,TRUE,,Safe R,
Texas,22,House,Troy Nehls,Marquette Greene-Scott,n/a,TRUE,,Safe R,
Texas,23,House,"Tony Gonzales /
Brandon Herrera",Santos Limon,n/a,TRUE,,Safe R,
Texas,24,House,Beth Van Duyne,Sam Eppler,n/a,TRUE,,Safe R,
Texas,25,House,Roger Williams,n/a,Unopposed,TRUE,,Safe R,We are not predicting this race since there is no Democratic candidate in this election.
Texas,26,House,Brandon Gill,Ernest Lineberger III,Phil Gray,FALSE,,Safe R,
Texas,27,House,Michael Cloud,Tanya Lloyd,Eric Loyd,TRUE,,Safe R,
Texas,28,House,"Jay Furman /
Lazaro Garza Jr.",Henry Cuellar,n/a,TRUE,,Likely D,
Texas,29,House,"Christian Garcia /
Alan Garza",Sylvia Garcia,n/a,TRUE,,Safe D,
Texas,30,House,n/a,Jasmine Crockett,Ken Ashby,TRUE,,Safe D,We are not predicting this race since there is no Republican candidate.
Texas,31,House,John Carter,"Brian Walbridge /
Stuart Whitlow",Caleb Ferrell,TRUE,,Safe R,
Texas,32,House,"David Blewett /
Darrell Day",Julie Johnson,"Kevin Hale / 
Clayton Chapman",FALSE,,Safe D,
Texas,33,House,Patrick Gillespie,Marc Veasey,n/a,TRUE,,Safe D,
Texas,34,House,Mayra Flores,Vicente Gonzalez Jr.,Brent Lewis,TRUE,,Lean D,
Texas,35,House,"Michael Rodriguez /
Steven Wright",Greg Casar,n/a,TRUE,,Safe D,
Texas,36,House,Brian Babin,Dayna Steele,n/a,TRUE,,Safe R,
Texas,37,House,Jenny Garcia Sharon,Lloyd Doggett,Girish Altekar,TRUE,,Safe D,
Texas,38,House,Wesley Hunt,Melissa McDonough,n/a,TRUE,,Safe R,
Utah,01,House,"Blake Moore /
Derek Draper /
Paul Miller",Bill Campbell,Daniel Cottam,TRUE,,Safe R,
Utah,02,House,"Colby Jenkins /
Ty Jensen /
Celeste Maloy",Brian Adams,Cassie Easley,TRUE,,Safe R,
Utah,03,House,"JR Bird /
Lucky Bovo /
Kathryn Dahlin /
John Dougall /
Chris Herrod /
Clayton Hunsaker /
Mike Kennedy /
Case Lawrence /
Stewart Peay /
Zac Wilson",Glenn Wright,n/a,FALSE,,Safe R,
Utah,04,House,Burgess Owens,"Katrina Fallick-Wang /
Jonathan Lopez",Vaughn Cook,TRUE,,Safe R,
Vermont,at-large,House,Mark Coester,Becca Balint,n/a,TRUE,,Safe D,
Virginia,01,House,Rob Wittman,"Herb Jones /
Leslie Mehta",n/a,TRUE,,Safe R,
Virginia,02,House,Jen Kiggans,"Jake Denton /
Missy Cotter Smasal",n/a,TRUE,,Lean R,
Virginia,03,House,Jim Wright,Robert Scott,Shanise Williams,TRUE,,Safe D,
Virginia,04,House,n/a,Jennifer McClellan,Unopposed,TRUE,,Safe D,We are not predicting this race since there is no Republican candidate.
Virginia,05,House,"Bob Good /
John McGuire",Paul Riley,n/a,TRUE,,Safe R,
Virginia,06,House,Benjamin Lee Cline,Rod Grandon,n/a,TRUE,,Safe R,
Virginia,07,House,"Derrick Anderson /
Cameron Hamilton /
Maria Martin /
William Moher /
Jonathon Myers /
John Prabhudoss /
Jeffrey Sacks /
Shaliek Tarpley /
Terris Todd","Carl Bedell /
Margaret Franklin /
Elizabeth Guzman /
Clifford Heinzer /
Whitney Kerr /
Briana Sewell /
Eugene Vindman",Craig Ennis,FALSE,,Lean D,
Virginia,08,House,"Heerak Christian Kim /
Adam Sahebian","Donald Sternhoff Beyer Jr. /
Andrew Campbell","Stephen Leon /
Jeremy Olmack",TRUE,,Safe D,
Virginia,09,House,H. Morgan Griffith,Karen Baker,n/a,TRUE,,Safe R,
Virginia,10,House,"Manga Anantatmula /
Aliscia Andrews /
John Beatty /
Mike Clancy /
Alexander Isaac /
Clair McDade /
Brooke Taylor","Jennifer Boysko /
Marion Devoe /
Eileen Filler-Corn /
Brandon Garay /
Dan Helmer /
Krystle Kaul /
Mark Leighton /
Michelle Maldonado /
Travis Nembhard /
Adrian Pokharel /
Atif Qarni /
David Reid /
Suhas Subramanyam",n/a,FALSE,,Safe D,
Virginia,11,House,Michael Van Meter,Gerald Edward Connolly,n/a,TRUE,,Safe D,
Washington,01,House,Jeb Brewer,Suzan DelBene,n/a,TRUE,,Safe D,
Washington,02,House,Leif Johnson,"Rick Larsen /
Joshua Binda",Jason Call,TRUE,,Safe D,
Washington,03,House,"Leslie French /
Joe Kent /
Leslie Lewallen",Marie Gluesenkamp Pérez,n/a,TRUE,,Tossup,
Washington,04,House,"Dan Newhouse /
Jerrod Sessler",n/a,Unopposed,TRUE,,Safe R,We are not predicting this race since there is no Democratic candidate in this election.
Washington,05,House,"Cathy McMorris Rodgers /
Anthony Jensen","Bernadine Bank /
Carmela Conroy /
Ann Marie Danimus",n/a,TRUE,,Safe R,
Washington,06,House,"Elizabeth Kreiselmaier /
Drew MacEwen","Hilary Franz /
Emily Randall",n/a,FALSE,,Safe D,
Washington,07,House,Cliff Moon,Pramila Jayapal,n/a,TRUE,,Safe D,
Washington,08,House,Carmen Goers,Kim Schrier,n/a,TRUE,,Likely D,
Washington,09,House,C. Mark Greene,"D. Adam Smith /
David Ishii",n/a,TRUE,,Safe D,
Washington,10,House,"Don Hewett /
Nirav Sheth","Marilyn Strickland /
Eric Mahaffy /
Edward Saner",n/a,TRUE,,Safe D,
West Virginia,01,House,"Carol Miller /
Derrick Evans","Chris Reed /
Jim Umberger",Wes Holden,TRUE,,Safe R,
West Virginia,02,House,"Dennis Cain /
Joseph Earley /
Alexander Gaaserud /
Riley Moore /
Heather Rosen-Turley /
Rj Smith /
Chris Walker",Steven Wendelin,n/a,FALSE,,Safe R,
Wisconsin,01,House,"Bryan Steil /
Steven Trueblood","Diane Anderson /
Anthony Hammes /
Lorenzo Santos",n/a,TRUE,,Likely R,
Wisconsin,02,House,"Charity Barry /
Erik Olsen",Mark Pocan,n/a,TRUE,,Safe D,
Wisconsin,03,House,Derrick Van Orden,"Rebecca Cooke /
Tara Johnson /
Katrina Shankland /
Eric Wilson",Rustin Provance,TRUE,,Likely R,
Wisconsin,04,House,Tim Rogers,Gwen Moore,n/a,TRUE,,Safe D,
Wisconsin,05,House,Scott Fitzgerald,"Christopher Leon /
Ben Steinhoff",n/a,TRUE,,Safe R,
Wisconsin,06,House,Glenn Grothman,"Amy Washburn /
John Zarbano",n/a,TRUE,,Safe R,
Wisconsin,07,House,"Tom Tiffany /
Cheryl Ann Runkel","Elsa Duranceau /
Kyle Kilbourn",n/a,TRUE,,Safe R,
Wisconsin,08,House,Andre Jacque,Kristin Lyerly,n/a,FALSE,,Safe R,
Wyoming,at-large,House,Harriet Hageman,n/a,Unopposed,TRUE,,Safe R,We are not predicting this race since there is no Democratic candidate in this election.
Arizona,,Senate,"Leonard Fulcher /
Kari Lake /
Mark Lamb /
Connie Moreno /
Elizabeth Reye /
Robert Walker /
Alan White /
Brian Wright /
George Nicholson","Ruben Gallego /
Alexander Keller /
Andrew Becerra",Richard Grayson,FALSE,,Tossup,
California,,Senate,Steve Garvey,Adam Schiff,n/a,FALSE,,Safe D,
Connecticut,,Senate,"John Flynn /
Robert Hyde /
Gerard Smith",Chris Murphy,n/a,TRUE,,Safe D,
Delaware,,Senate,"Eric Hansen /
William Taylor","Pamela Brown /
Lisa Blunt Rochester",n/a,FALSE,,Safe D,
Florida,,Senate,"Rick Scott /
Keith Gross /
Patricia Krentcil /
Shannon O'Dell /
Joe Smith /
Katy Sun /
Angela Marie Walls-Windhauser","Matt Boswell /
Stanley Campbell /
Alan Grayson /
Rod Joseph /
Bernard Korn /
Josue Larose /
Debbie Mucarsel-Powell /
Chase Anderson Romagnano /
Brian Rush /
Matthew Sanscrainte","Mason Cysewski /
Randy Toler /
Grace Granda /
Salomon Hernandez /
Marcos Reyes",TRUE,,Likely R,
Hawaii,,Senate,"Harry Friel, Jr. /
Adriel Lam",Mazie Hirono,n/a,TRUE,,Safe D,
Indiana,,Senate,"Jim Banks /
Erik Benson /
Wayne Harmon /
Douglas McGuire /
John Rust /
Anthony Tibby","Marc Carmichael /
Valerie Lin McCray /
RaeVen Ridgell /
Marshall Travis /
Aleem Young","Andy Horning /
Sean Dada /
Richard Kent",FALSE,,Safe R,
Maine,,Senate,Demi Kouzounas,"Natasha Alcala /
David Costello",Angus King,TRUE,,Likely I,"Our model predicts the margin between Democratic and Republican votes. As such, we are not predicting this race since there is an independent incumbent."
Maryland,,Senate,"Moe Barakat /
Chris Chaffee /
Robin Ficker /
Lorie Friend /
Larry Hogan /
John Myrick /
Christopher Puleo /
Laban Seyoum /
John Teichert","Angela Alsobrooks /
Michael Cobb Sr. /
Marcellus Crews /
Brian Frydenborg /
Scottie Griffin /
Robert Houton /
Joseph Perez /
Steven Seuferer /
David Trone /
Andrew Wildman","Nancy Wallace /
Michael Sigmon /
Shaunesi Deberry /
Emmanuel Osuchukwu",FALSE,,Likely D,
Massachusetts,,Senate,"Zakhai Akiba /
Robert Antonellis /
John Berman /
John Deaton /
Rebekah Etique /
Aaron Packard",Elizabeth Warren,"Louis Marino /
Brandon James Griffin /
Shiva Ayyadurai",TRUE,,Safe D,
Michigan,,Senate,"Rebekah Curran /
Michael Hoover /
Peter Meijer /
Sherry O'Donnell /
Sandy Pensler /
Mike Rogers /
Bensson Samuel /
Sharon Savage /
Alexandria Taylor /
J.D. Wilson /
Glenn Wilson","Nasser Beydoun /
Hill Harper /
Elissa Slotkin","Douglas Marsh /
James Frizzell",FALSE,,Lean D,
Minnesota,,Senate,"John Berman /
Joe Fraser /
David Hilbrich /
Patrick Munro /
Mike Ruoho /
Royce White","Amy Klobuchar /
Derek Logan",n/a,TRUE,,Safe D,
Mississippi,,Senate,Roger Wicker,Ty Pinkins,n/a,TRUE,,Safe R,
Missouri,,Senate,"Josh Hawley /
Christopher Murphy","December Harmon /
Lucas Kunce /
Karla May /
Samuel Rutherford","Doris Canaday /
Jared Young",TRUE,,Safe R,
Montana,,Senate,"Brad Johnson /
Thomas Madigan /
Jeremy Mygland /
Tim Sheehy /
Charles A. Walking Child",Jon Tester,n/a,TRUE,,Tossup,
Nebraska,,Senate,"Deb Fischer /
Arron Kowalski",n/a,Dan Osborn,TRUE,,Safe R,We are not predicting this race since there is no Democratic candidate in this election.
Nebraska Special,,Senate,"Pete Ricketts /
John Glen Weaver",Preston Love Jr.,n/a,FALSE,,Safe R,
Nevada,,Senate,"Sam Brown /
Cornell Clark /
William Conrad /
Heath Fulkerson /
Tony Grady /
Jeff Gunter /
Ronda Kennedy /
Barry Lindemann /
Jim Marchant /
Stephanie Phillips","Jacky Rosen /
Mike Schaefer /
Troy Walker","Chris Cunningham /
Christopher Okubo /
Joseph Destin /
Bradley Scott Wing",TRUE,,Lean D,
New Jersey,,Senate,"Curtis Bashaw /
Michael Estrada /
Albert Harshaw /
Justin Murphy /
Christine Serrano-Glassner /
Alex Zdan","Bob Menendez /
Patricia Campos Medina /
Kevin Cupples /
Lawrence Hamm /
Andrew Kim /
Patrick Merrill /
Tammy Murphy","Christina Khalil /
Nick Carducci",TRUE,,Safe D,
New Mexico,,Senate,"Nella Domenici /
Robert Kwasny /
Benjamin Luna /
John Roberts /
Reece Wright-McDonald","Martin Heinrich /
Joshua Kenderdine","Cameron Chick /
Jerry Rose",TRUE,,Safe D,
New York,,Senate,"David Bellon /
Cara Castronuova /
Calvin Driggers /
Joshua Eisen /
Jeffrey Rozier","Kirsten Gillibrand /
Tyrrell Lev Sharif Ben-Avi /
Daniel Foti /
Khaled Salem /
William Schweitzer /
Reece Wright-McDonald","YueXin Miller /
Jonathan Ramos /
Diane Sare",TRUE,,Safe D,
North Dakota,,Senate,Kevin Cramer,Katrina Christiansen,Kristin Hedger,TRUE,,Safe R,
Ohio,,Senate,Bernie Moreno,Sherrod Brown,n/a,TRUE,,Tossup,
Pennsylvania,,Senate,"David McCormick /
Tariq Parvez /
Brandi Tomasetti /
Joseph Vodvarka /
Cory Widmann","Bob Casey Jr. /
Blaine Forkner /
William Parker",Hussein Tartour-Aguirre,TRUE,,Likely D,
Rhode Island,,Senate,"Raymond McKay /
Patricia Morgan","Sheldon Whitehouse /
Allen Waters",n/a,TRUE,,Safe D,
Tennessee,,Senate,Marsha Blackburn,"Marquita Bradshaw /
Dylan Fain /
Gloria Johnson /
Civil Miller-Watkins",Wisdom Zerit Teklay,TRUE,,Safe R,
Texas,,Senate,Ted Cruz,Colin Allred,n/a,TRUE,,Likely R,
Utah,,Senate,"JR Bird /
John Curtis /
Brent Hatch /
Brian Jenkins /
Ty Jensen /
Gabriel Lobo-Blanco /
Carolyn Phippen /
Josh Randall /
Chandler Tanner /
Jason Walton /
Clark White /
Brad R. Wilson","Archie Williams III /
Laird Hamblin /
Caroline Gleich","Carlton Bowen /
Robert Newcomb",FALSE,,Safe R,
Vermont,,Senate,Gerald Malloy,n/a,Unopposed,FALSE,,Safe I,"Our model predicts the margin between Democratic and Republican votes. As such, we are not predicting this race since there is an independent incumbent."
Virginia,,Senate,"Hung Cao /
Jonathan Walker Emord /
Craig Ennis /
Edward Garcia /
Eddie Garcia /
Gwendolyn Hickman /
Kimberly Nadine Lowe /
Scott Parkinson /
Chuck Smith /
Ron Vitiello /
TJ Wallace",Tim Kaine,"Jonathan Hardin /
Csaba Menezes Rusznak /
Tiger Xiong",TRUE,,Safe D,
Washington,,Senate,"Destiny Archer /
Raul Garcia /
Gregory Saunders /
Ryan Searcy","Maria Cantwell /
Paul Giesick /
John Peterson /
Aria Ursa",n/a,TRUE,,Safe D,
West Virginia,,Senate,"Bryan Bird /
Jim Justice /
Zane Lawhorn /
Don Lindsay /
Bryan McKinney /
Janet McNulty /
Alexander Mooney","Don Blankenship /
Glenn Elliott /
Zachary Shrewsbury",Michael Sigmon,FALSE,,Safe R,
Wisconsin,,Senate,"Kyle Corrigan /
Eric Hovde /
Stacey Klein /
Rejani Raveendran /
Patrick Schaefer-Wicke",Tammy Baldwin,"Scott Aubart /
Phillip Anderson /
Joshua Harrington",TRUE,,Lean D,
Wyoming,,Senate,"John Barrasso /
Reid Rasner",Scott Morrow,Unopposed,TRUE,,Safe R,
Delaware,,Governor,Jerry Price,"Bethany Hall-Long /
Matt Meyer / 
Collin O'Mara",n/a,FALSE,,Safe D,
Indiana,,Governor,"Mike Braun /
Brad Chambers /
Suzanne Crouch /
Eric Doden /
Curtis Hill /
Jamie Reitenour",Jennifer McCormick,"Donald Rainwater /
Christopher Stried",FALSE,,Safe R,
Missouri,,Governor,"Jay Ashcroft /
Bill Eigel /
Mike Kehoe /
Chris Wright","Sheryl Gladney /
Mike Hamra /
Crystal Quade /
Eric Morrison / 
Hollis Laster",Larry Flenoid II,FALSE,,Safe R,
Montana,,Governor,"Greg Gianforte /
Tanner Smith","Ryan Busse /
Shawn White Wolf",Kaiser Leib,TRUE,,Safe R,
New Hampshire,,Governor,"Kelly Ayotte /
Chuck Morse /
Shaun Fife","Joyce Craig /
Jonathan Kiper /
Cinde Warmington",n/a,FALSE,,Tossup,
North Carolina,,Governor,Mark Robinson,Josh Stein,"Wayne Turner / 
Mike Ross",FALSE,,Tossup,
North Dakota,,Governor,"Kelly Armstrong /
Tammy Miller",Merrill Piepkorn,n/a,FALSE,,Safe R,
Utah,,Governor,"Spencer Cox /
Sylvia Miera Fisk /
Phil Lyman /
Scott Robbins",Brian King,Tom Tomeny,TRUE,,Safe R,
Vermont,,Governor,Phil Scott,Esther Charlestin,n/a,FALSE,,Likely R,
Washington,,Governor,"Semi Bird /
Laurel Khan /
Leon Lawson /
Dave Reichert /
Kriss Schuler / 
Tony Tasmaly /
Martin Wheeler /
Jim Daniel /
Tim Ford /
Daniel Miller","Bob Ferguson /
Fred Grant /
Chaytan Inman /
EL'ona Kearney /
Ricky Anthony /
Mark Mullet /
Don Rivers /
Reggie Grant /
Edward Cale","William Combs /
Michael DePaula /
Ambra Mason /
Bobbie Samons /
Cassondra Hanson /
Eric Nelson /
Geoff Nelson",FALSE,,Likely D,
West Virginia,,Governor,"Moore Capito /
Kevin Christian /
Chris Miller /
Patrick Morrisey /
Mitch Roberts /
Mac Warner",Steve Williams,"Erika Kolenich /
Chase Linko-Looper",FALSE,,Safe R,
AL,,President,Donald Trump,Joe Biden,n/a,TRUE,,,
AK,,President,Donald Trump,Joe Biden,n/a,TRUE,,,
AZ,,President,Donald Trump,Joe Biden,n/a,TRUE,,,
AR,,President,Donald Trump,Joe Biden,n/a,TRUE,,,
CA,,President,Donald Trump,Joe Biden,n/a,TRUE,,,
CO,,President,Donald Trump,Joe Biden,n/a,TRUE,,,
CT,,President,Donald Trump,Joe Biden,n/a,TRUE,,,
DE,,President,Donald Trump,Joe Biden,n/a,TRUE,,,
FL,,President,Donald Trump,Joe Biden,n/a,TRUE,,,
GA,,President,Donald Trump,Joe Biden,n/a,TRUE,,,
HI,,President,Donald Trump,Joe Biden,n/a,TRUE,,,
ID,,President,Donald Trump,Joe Biden,n/a,TRUE,,,
IL,,President,Donald Trump,Joe Biden,n/a,TRUE,,,
IN,,President,Donald Trump,Joe Biden,n/a,TRUE,,,
IA,,President,Donald Trump,Joe Biden,n/a,TRUE,,,
KS,,President,Donald Trump,Joe Biden,n/a,TRUE,,,
KY,,President,Donald Trump,Joe Biden,n/a,TRUE,,,
LA,,President,Donald Trump,Joe Biden,n/a,TRUE,,,
ME,,President,Donald Trump,Joe Biden,n/a,TRUE,,,
ME,1,President,Donald Trump,Joe Biden,n/a,TRUE,,,
ME,2,President,Donald Trump,Joe Biden,n/a,TRUE,,,
MD,,President,Donald Trump,Joe Biden,n/a,TRUE,,,
MA,,President,Donald Trump,Joe Biden,n/a,TRUE,,,
MI,,President,Donald Trump,Joe Biden,n/a,TRUE,,,
MN,,President,Donald Trump,Joe Biden,n/a,TRUE,,,
MS,,President,Donald Trump,Joe Biden,n/a,TRUE,,,
MO,,President,Donald Trump,Joe Biden,n/a,TRUE,,,
MT,,President,Donald Trump,Joe Biden,n/a,TRUE,,,
NE,,President,Donald Trump,Joe Biden,n/a,TRUE,,,
NE,1,President,Donald Trump,Joe Biden,n/a,TRUE,,,
NE,2,President,Donald Trump,Joe Biden,n/a,TRUE,,,
NE,3,President,Donald Trump,Joe Biden,n/a,TRUE,,,
NV,,President,Donald Trump,Joe Biden,n/a,TRUE,,,
NH,,President,Donald Trump,Joe Biden,n/a,TRUE,,,
NJ,,President,Donald Trump,Joe Biden,n/a,TRUE,,,
NM,,President,Donald Trump,Joe Biden,n/a,TRUE,,,
NY,,President,Donald Trump,Joe Biden,n/a,TRUE,,,
NC,,President,Donald Trump,Joe Biden,n/a,TRUE,,,
ND,,President,Donald Trump,Joe Biden,n/a,TRUE,,,
OH,,President,Donald Trump,Joe Biden,n/a,TRUE,,,
OK,,President,Donald Trump,Joe Biden,n/a,TRUE,,,
OR,,President,Donald Trump,Joe Biden,n/a,TRUE,,,
PA,,President,Donald Trump,Joe Biden,n/a,TRUE,,,
RI,,President,Donald Trump,Joe Biden,n/a,TRUE,,,
SC,,President,Donald Trump,Joe Biden,n/a,TRUE,,,
SD,,President,Donald Trump,Joe Biden,n/a,TRUE,,,
TN,,President,Donald Trump,Joe Biden,n/a,TRUE,,,
TX,,President,Donald Trump,Joe Biden,n/a,TRUE,,,
UT,,President,Donald Trump,Joe Biden,n/a,TRUE,,,
VT,,President,Donald Trump,Joe Biden,n/a,TRUE,,,
VA,,President,Donald Trump,Joe Biden,n/a,TRUE,,,
WA,,President,Donald Trump,Joe Biden,n/a,TRUE,,,
WV,,President,Donald Trump,Joe Biden,n/a,TRUE,,,
WI,,President,Donald Trump,Joe Biden,n/a,TRUE,,,
WY,,President,Donald Trump,Joe Biden,n/a,TRUE,,,
DC,,President,Donald Trump,Joe Biden,n/a,TRUE,,,